Date,Children apprehended and placed in CBP custody*, CBP custody,transferred ,Children in HHS Care,discharge,CBP tranfer validation,HHS tranfer validation,total_system_load,net_daily_intake,Week Start,Timeline Period,Month Year,Month Year Sort,High Load Flag
12-Jan-23,33,53,34,6566,436,Valid,Valid,6619,-402,1/9/2023 0:00,Early Timeline,1/1/2023 0:00,202301,Normal
22-Jan-23,32,49,39,7122,227,Valid,Valid,7171,-188,1/16/2023 0:00,Early Timeline,1/1/2023 0:00,202301,Normal
23-Jan-23,32,50,39,7280,181,Valid,Valid,7330,-142,1/23/2023 0:00,Early Timeline,1/1/2023 0:00,202301,Normal
29-Jan-23,23,45,11,7472,303,Valid,Valid,7517,-292,1/23/2023 0:00,Early Timeline,1/1/2023 0:00,202301,Normal
30-Jan-23,34,54,29,7743,196,Valid,Valid,7797,-167,1/30/2023 0:00,Early Timeline,1/1/2023 0:00,202301,Normal
31-Jan-23,26,36,36,7803,158,Valid,Valid,7839,-122,1/30/2023 0:00,Early Timeline,1/1/2023 0:00,202301,Normal
1-Feb-23,25,32,27,7903,231,Valid,Valid,7935,-204,1/30/2023 0:00,Early Timeline,2/1/2023 0:00,202302,Normal
5-Feb-23,16,18,15,7586,342,Valid,Valid,7604,-327,1/30/2023 0:00,Early Timeline,2/1/2023 0:00,202302,Normal
6-Feb-23,11,22,12,7720,196,Valid,Valid,7742,-184,2/6/2023 0:00,Early Timeline,2/1/2023 0:00,202302,Normal
7-Feb-23,16,20,20,7855,200,Valid,Valid,7875,-180,2/6/2023 0:00,Early Timeline,2/1/2023 0:00,202302,Normal
8-Feb-23,93,196,169,7915,317,Valid,Valid,8111,-148,2/6/2023 0:00,Early Timeline,2/1/2023 0:00,202302,Normal
9-Feb-23,124,234,161,7908,353,Valid,Valid,8142,-192,2/6/2023 0:00,Early Timeline,2/1/2023 0:00,202302,Normal
12-Feb-23,92,203,173,7434,317,Valid,Valid,7637,-144,2/6/2023 0:00,Early Timeline,2/1/2023 0:00,202302,Normal
13-Feb-23,186,259,172,7483,244,Valid,Valid,7742,-72,2/13/2023 0:00,Early Timeline,2/1/2023 0:00,202302,Normal
14-Feb-23,154,225,220,7794,223,Valid,Valid,8019,-3,2/13/2023 0:00,Early Timeline,2/1/2023 0:00,202302,Normal
15-Feb-23,91,199,172,7869,290,Valid,Valid,8068,-118,2/13/2023 0:00,Early Timeline,2/1/2023 0:00,202302,Normal
16-Feb-23,81,213,153,7793,361,Valid,Valid,8006,-208,2/13/2023 0:00,Early Timeline,2/1/2023 0:00,202302,Normal
20-Feb-23,209,285,184,7817,209,Valid,Valid,8102,-25,2/20/2023 0:00,Early Timeline,2/1/2023 0:00,202302,Normal
21-Feb-23,184,314,217,7967,213,Valid,Valid,8281,4,2/20/2023 0:00,Early Timeline,2/1/2023 0:00,202302,Normal
26-Feb-23,99,190,176,7609,323,Valid,Valid,7799,-147,2/20/2023 0:00,Early Timeline,2/1/2023 0:00,202302,Normal
27-Feb-23,167,239,166,7800,248,Valid,Valid,8039,-82,2/27/2023 0:00,Early Timeline,2/1/2023 0:00,202302,Normal
28-Feb-23,115,216,169,7896,200,Valid,Valid,8112,-31,2/27/2023 0:00,Early Timeline,2/1/2023 0:00,202302,Normal
2-Mar-23,130,227,192,7870,335,Valid,Valid,8097,-143,2/27/2023 0:00,Early Timeline,3/1/2023 0:00,202303,Normal
7-Mar-23,88,214,160,7859,259,Valid,Valid,8073,-99,3/6/2023 0:00,Early Timeline,3/1/2023 0:00,202303,Normal
8-Mar-23,113,208,159,7885,291,Valid,Valid,8093,-132,3/6/2023 0:00,Early Timeline,3/1/2023 0:00,202303,Normal
9-Mar-23,174,285,150,7786,340,Valid,Valid,8071,-190,3/6/2023 0:00,Early Timeline,3/1/2023 0:00,202303,Normal
13-Mar-23,104,230,206,7567,249,Valid,Valid,7797,-43,3/13/2023 0:00,Early Timeline,3/1/2023 0:00,202303,Normal
14-Mar-23,147,276,214,7810,181,Valid,Valid,8086,33,3/13/2023 0:00,Early Timeline,3/1/2023 0:00,202303,Normal
15-Mar-23,108,220,213,7915,286,Valid,Valid,8135,-73,3/13/2023 0:00,Early Timeline,3/1/2023 0:00,202303,Normal
16-Mar-23,180,280,146,7989,308,Valid,Valid,8269,-162,3/13/2023 0:00,Early Timeline,3/1/2023 0:00,202303,Normal
19-Mar-23,134,294,186,7885,306,Valid,Valid,8179,-120,3/13/2023 0:00,Early Timeline,3/1/2023 0:00,202303,Normal
20-Mar-23,202,313,158,7931,279,Valid,Valid,8244,-121,3/20/2023 0:00,Early Timeline,3/1/2023 0:00,202303,Normal
21-Mar-23,110,272,193,8050,221,Valid,Valid,8322,-28,3/20/2023 0:00,Early Timeline,3/1/2023 0:00,202303,Normal
22-Mar-23,166,277,229,8097,246,Valid,Valid,8374,-17,3/20/2023 0:00,Early Timeline,3/1/2023 0:00,202303,Normal
23-Mar-23,136,276,178,8102,331,Valid,Valid,8378,-153,3/20/2023 0:00,Early Timeline,3/1/2023 0:00,202303,Normal
26-Mar-23,87,246,173,7847,352,Valid,Valid,8093,-179,3/20/2023 0:00,Early Timeline,3/1/2023 0:00,202303,Normal
27-Mar-23,84,171,157,7994,235,Valid,Valid,8165,-78,3/27/2023 0:00,Early Timeline,3/1/2023 0:00,202303,Normal
28-Mar-23,167,209,157,8079,223,Valid,Valid,8288,-66,3/27/2023 0:00,Early Timeline,3/1/2023 0:00,202303,Normal
29-Mar-23,109,245,159,8208,267,Valid,Valid,8453,-108,3/27/2023 0:00,Early Timeline,3/1/2023 0:00,202303,Normal
30-Mar-23,156,256,176,8158,359,Valid,Valid,8414,-183,3/27/2023 0:00,Early Timeline,3/1/2023 0:00,202303,Normal
2-Apr-23,125,232,192,7981,304,Valid,Valid,8213,-112,3/27/2023 0:00,Early Timeline,4/1/2023 0:00,202304,Normal
4-Apr-23,142,235,139,8068,259,Valid,Valid,8303,-120,4/3/2023 0:00,Early Timeline,4/1/2023 0:00,202304,Normal
5-Apr-23,148,245,175,8175,260,Valid,Valid,8420,-85,4/3/2023 0:00,Early Timeline,4/1/2023 0:00,202304,Normal
6-Apr-23,119,219,210,8178,284,Valid,Valid,8397,-74,4/3/2023 0:00,Early Timeline,4/1/2023 0:00,202304,Normal
9-Apr-23,105,210,149,7900,329,Valid,Valid,8110,-180,4/3/2023 0:00,Early Timeline,4/1/2023 0:00,202304,Normal
10-Apr-23,143,203,163,7826,265,Valid,Valid,8029,-102,4/10/2023 0:00,Early Timeline,4/1/2023 0:00,202304,Normal
11-Apr-23,119,209,152,7922,187,Valid,Valid,8131,-35,4/10/2023 0:00,Early Timeline,4/1/2023 0:00,202304,Normal
12-Apr-23,155,212,181,7876,283,Valid,Valid,8088,-102,4/10/2023 0:00,Early Timeline,4/1/2023 0:00,202304,Normal
13-Apr-23,109,214,173,7795,370,Valid,Valid,8009,-197,4/10/2023 0:00,Early Timeline,4/1/2023 0:00,202304,Normal
16-Apr-23,191,283,192,7380,272,Valid,Valid,7663,-80,4/10/2023 0:00,Early Timeline,4/1/2023 0:00,202304,Normal
17-Apr-23,170,297,196,7344,248,Valid,Valid,7641,-52,4/17/2023 0:00,Early Timeline,4/1/2023 0:00,202304,Normal
18-Apr-23,152,272,214,7376,234,Valid,Valid,7648,-20,4/17/2023 0:00,Early Timeline,4/1/2023 0:00,202304,Normal
19-Apr-23,239,367,224,7356,229,Valid,Valid,7723,-5,4/17/2023 0:00,Early Timeline,4/1/2023 0:00,202304,Normal
20-Apr-23,113,280,237,7490,320,Valid,Valid,7770,-83,4/17/2023 0:00,Early Timeline,4/1/2023 0:00,202304,Normal
23-Apr-23,196,306,187,7534,266,Valid,Valid,7840,-79,4/17/2023 0:00,Early Timeline,4/1/2023 0:00,202304,Normal
24-Apr-23,236,330,222,7796,213,Valid,Valid,8126,9,4/24/2023 0:00,Early Timeline,4/1/2023 0:00,202304,Normal
26-Apr-23,118,245,160,8117,256,Valid,Valid,8362,-96,4/24/2023 0:00,Early Timeline,4/1/2023 0:00,202304,Normal
27-Apr-23,218,283,208,8159,310,Valid,Valid,8442,-102,4/24/2023 0:00,Early Timeline,4/1/2023 0:00,202304,Normal
30-Apr-23,132,243,183,8352,293,Valid,Valid,8595,-110,4/24/2023 0:00,Early Timeline,4/1/2023 0:00,202304,Normal
1-May-23,224,315,152,8492,237,Valid,Valid,8807,-85,5/1/2023 0:00,Early Timeline,5/1/2023 0:00,202305,Normal
2-May-23,167,326,213,8654,245,Valid,Valid,8980,-32,5/1/2023 0:00,Early Timeline,5/1/2023 0:00,202305,Normal
3-May-23,209,353,232,8704,267,Valid,Valid,9057,-35,5/1/2023 0:00,Early Timeline,5/1/2023 0:00,202305,Normal
7-May-23,180,337,219,8485,375,Valid,Valid,8822,-156,5/1/2023 0:00,Early Timeline,5/1/2023 0:00,202305,Normal
8-May-23,133,287,189,8590,261,Valid,Valid,8877,-72,5/8/2023 0:00,Early Timeline,5/1/2023 0:00,202305,Normal
9-May-23,187,310,247,8606,250,Valid,Valid,8916,-3,5/8/2023 0:00,Early Timeline,5/1/2023 0:00,202305,Normal
10-May-23,168,285,210,8681,304,Valid,Valid,8966,-94,5/8/2023 0:00,Early Timeline,5/1/2023 0:00,202305,Normal
11-May-23,269,412,204,8672,392,Valid,Valid,9084,-188,5/8/2023 0:00,Early Timeline,5/1/2023 0:00,202305,Normal
14-May-23,100,255,236,8445,288,Valid,Valid,8700,-52,5/8/2023 0:00,Early Timeline,5/1/2023 0:00,202305,Normal
15-May-23,205,294,177,8571,277,Valid,Valid,8865,-100,5/15/2023 0:00,Early Timeline,5/1/2023 0:00,202305,Normal
16-May-23,161,304,211,8572,272,Valid,Valid,8876,-61,5/15/2023 0:00,Early Timeline,5/1/2023 0:00,202305,Normal
21-May-23,107,170,133,7826,343,Valid,Valid,7996,-210,5/15/2023 0:00,Early Timeline,5/1/2023 0:00,202305,Normal
22-May-23,99,156,139,7848,240,Valid,Valid,8004,-101,5/22/2023 0:00,Early Timeline,5/1/2023 0:00,202305,Normal
24-May-23,35,70,53,7709,276,Valid,Valid,7779,-223,5/22/2023 0:00,Early Timeline,5/1/2023 0:00,202305,Normal
25-May-23,43,73,64,7546,408,Valid,Valid,7619,-344,5/22/2023 0:00,Early Timeline,5/1/2023 0:00,202305,Normal
30-May-23,65,83,65,7046,168,Valid,Valid,7129,-103,5/29/2023 0:00,Early Timeline,5/1/2023 0:00,202305,Normal
1-Jun-23,56,82,68,7002,287,Valid,Valid,7084,-219,5/29/2023 0:00,Early Timeline,6/1/2023 0:00,202306,Normal
4-Jun-23,74,103,80,6555,292,Valid,Valid,6658,-212,5/29/2023 0:00,Early Timeline,6/1/2023 0:00,202306,Normal
5-Jun-23,68,107,102,6523,189,Valid,Valid,6630,-87,6/5/2023 0:00,Early Timeline,6/1/2023 0:00,202306,Normal
6-Jun-23,92,124,93,6508,187,Valid,Valid,6632,-94,6/5/2023 0:00,Early Timeline,6/1/2023 0:00,202306,Normal
7-Jun-23,113,162,107,6483,208,Valid,Valid,6645,-101,6/5/2023 0:00,Early Timeline,6/1/2023 0:00,202306,Normal
8-Jun-23,106,196,131,6446,255,Valid,Valid,6642,-124,6/5/2023 0:00,Early Timeline,6/1/2023 0:00,202306,Normal
14-Jun-23,62,97,52,6065,167,Valid,Valid,6162,-115,6/12/2023 0:00,Early Timeline,6/1/2023 0:00,202306,Normal
19-Jun-23,29,51,11,5679,142,Valid,Valid,5730,-131,6/19/2023 0:00,Early Timeline,6/1/2023 0:00,202306,Normal
20-Jun-23,33,53,34,5904,134,Valid,Valid,5957,-100,6/19/2023 0:00,Early Timeline,6/1/2023 0:00,202306,Normal
21-Jun-23,93,196,169,5922,149,Valid,Valid,6118,20,6/19/2023 0:00,Early Timeline,6/1/2023 0:00,202306,Normal
22-Jun-23,124,234,161,5956,207,Valid,Valid,6190,-46,6/19/2023 0:00,Early Timeline,6/1/2023 0:00,202306,Normal
25-Jun-23,92,203,173,5766,263,Valid,Valid,5969,-90,6/19/2023 0:00,Early Timeline,6/1/2023 0:00,202306,Normal
26-Jun-23,186,259,172,5819,174,Valid,Valid,6078,-2,6/26/2023 0:00,Early Timeline,6/1/2023 0:00,202306,Normal
27-Jun-23,154,225,220,5917,155,Valid,Valid,6142,65,6/26/2023 0:00,Early Timeline,6/1/2023 0:00,202306,Normal
28-Jun-23,91,199,172,5999,174,Valid,Valid,6198,-2,6/26/2023 0:00,Early Timeline,6/1/2023 0:00,202306,Normal
29-Jun-23,81,213,153,6058,213,Valid,Valid,6271,-60,6/26/2023 0:00,Early Timeline,6/1/2023 0:00,202306,Normal
2-Jul-23,209,285,184,5903,309,Valid,Valid,6188,-125,6/26/2023 0:00,Early Timeline,7/1/2023 0:00,202307,Normal
4-Jul-23,184,314,217,6127,124,Valid,Valid,6441,93,7/3/2023 0:00,Early Timeline,7/1/2023 0:00,202307,Normal
9-Jul-23,99,190,176,6214,196,Valid,Valid,6404,-20,7/3/2023 0:00,Early Timeline,7/1/2023 0:00,202307,Normal
10-Jul-23,167,239,166,6346,163,Valid,Valid,6585,3,7/10/2023 0:00,Early Timeline,7/1/2023 0:00,202307,Normal
11-Jul-23,115,216,169,6498,143,Valid,Valid,6714,26,7/10/2023 0:00,Early Timeline,7/1/2023 0:00,202307,Normal
13-Jul-23,130,227,192,6604,226,Valid,Valid,6831,-34,7/10/2023 0:00,Early Timeline,7/1/2023 0:00,202307,Normal
16-Jul-23,88,214,160,6468,218,Valid,Valid,6682,-58,7/10/2023 0:00,Early Timeline,7/1/2023 0:00,202307,Normal
17-Jul-23,113,208,159,6632,160,Valid,Valid,6840,-1,7/17/2023 0:00,Early Timeline,7/1/2023 0:00,202307,Normal
18-Jul-23,174,285,150,6874,181,Valid,Valid,7159,-31,7/17/2023 0:00,Early Timeline,7/1/2023 0:00,202307,Normal
19-Jul-23,104,230,206,7001,226,Valid,Valid,7231,-20,7/17/2023 0:00,Early Timeline,7/1/2023 0:00,202307,Normal
20-Jul-23,147,276,214,7116,281,Valid,Valid,7392,-67,7/17/2023 0:00,Early Timeline,7/1/2023 0:00,202307,Normal
23-Jul-23,108,220,213,7052,276,Valid,Valid,7272,-63,7/17/2023 0:00,Early Timeline,7/1/2023 0:00,202307,Normal
24-Jul-23,180,280,146,7220,187,Valid,Valid,7500,-41,7/24/2023 0:00,Early Timeline,7/1/2023 0:00,202307,Normal
25-Jul-23,134,294,186,7510,136,Valid,Valid,7804,50,7/24/2023 0:00,Early Timeline,7/1/2023 0:00,202307,Normal
26-Jul-23,202,313,158,7647,215,Valid,Valid,7960,-57,7/24/2023 0:00,Early Timeline,7/1/2023 0:00,202307,Normal
27-Jul-23,110,272,193,7754,259,Valid,Valid,8026,-66,7/24/2023 0:00,Early Timeline,7/1/2023 0:00,202307,Normal
30-Jul-23,166,277,229,7671,305,Valid,Valid,7948,-76,7/24/2023 0:00,Early Timeline,7/1/2023 0:00,202307,Normal
31-Jul-23,136,276,178,7800,220,Valid,Valid,8076,-42,7/31/2023 0:00,Early Timeline,7/1/2023 0:00,202307,Normal
1-Aug-23,87,246,173,8103,168,Valid,Valid,8349,5,7/31/2023 0:00,Early Timeline,8/1/2023 0:00,202308,Normal
2-Aug-23,84,171,157,8261,271,Valid,Valid,8432,-114,7/31/2023 0:00,Early Timeline,8/1/2023 0:00,202308,Normal
3-Aug-23,167,209,157,8294,339,Valid,Valid,8503,-182,7/31/2023 0:00,Early Timeline,8/1/2023 0:00,202308,Normal
6-Aug-23,109,245,159,8298,322,Valid,Valid,8543,-163,7/31/2023 0:00,Early Timeline,8/1/2023 0:00,202308,Normal
7-Aug-23,156,256,176,8493,202,Valid,Valid,8749,-26,8/7/2023 0:00,Early Timeline,8/1/2023 0:00,202308,Normal
8-Aug-23,125,232,192,8725,207,Valid,Valid,8957,-15,8/7/2023 0:00,Early Timeline,8/1/2023 0:00,202308,Normal
10-Aug-23,142,235,139,8914,353,Valid,Valid,9149,-214,8/7/2023 0:00,Early Timeline,8/1/2023 0:00,202308,Normal
16-Aug-23,148,245,175,9634,288,Valid,Valid,9879,-113,8/14/2023 0:00,Early Timeline,8/1/2023 0:00,202308,Normal
17-Aug-23,119,219,210,9694,407,Valid,Valid,9913,-197,8/14/2023 0:00,Early Timeline,8/1/2023 0:00,202308,Normal
20-Aug-23,105,210,149,9483,390,Valid,Valid,9693,-241,8/14/2023 0:00,Early Timeline,8/1/2023 0:00,202308,Normal
21-Aug-23,143,203,163,9668,281,Valid,Valid,9871,-118,8/21/2023 0:00,Early Timeline,8/1/2023 0:00,202308,Normal
22-Aug-23,119,209,152,9921,230,Valid,Valid,10130,-78,8/21/2023 0:00,Early Timeline,8/1/2023 0:00,202308,High Load
23-Aug-23,155,212,181,10071,285,Valid,Valid,10283,-104,8/21/2023 0:00,Early Timeline,8/1/2023 0:00,202308,High Load
24-Aug-23,109,214,173,10026,443,Valid,Valid,10240,-270,8/21/2023 0:00,Early Timeline,8/1/2023 0:00,202308,High Load
27-Aug-23,191,283,192,9873,488,Valid,Valid,10156,-296,8/21/2023 0:00,Early Timeline,8/1/2023 0:00,202308,High Load
28-Aug-23,170,297,196,10012,388,Valid,Valid,10309,-192,8/28/2023 0:00,Early Timeline,8/1/2023 0:00,202308,High Load
29-Aug-23,152,272,214,10180,286,Valid,Valid,10452,-72,8/28/2023 0:00,Early Timeline,8/1/2023 0:00,202308,High Load
30-Aug-23,239,367,224,10280,366,Valid,Valid,10647,-142,8/28/2023 0:00,Early Timeline,8/1/2023 0:00,202308,High Load
31-Aug-23,113,280,237,10140,505,Valid,Valid,10420,-268,8/28/2023 0:00,Early Timeline,8/1/2023 0:00,202308,High Load
4-Sep-23,196,306,187,9988,293,Valid,Valid,10294,-106,9/4/2023 0:00,Early Timeline,9/1/2023 0:00,202309,High Load
5-Sep-23,236,330,222,10142,243,Valid,Valid,10472,-21,9/4/2023 0:00,Early Timeline,9/1/2023 0:00,202309,High Load
7-Sep-23,118,245,160,10419,398,Valid,Valid,10664,-238,9/4/2023 0:00,Early Timeline,9/1/2023 0:00,202309,High Load
10-Sep-23,218,283,208,10282,382,Valid,Valid,10565,-174,9/4/2023 0:00,Early Timeline,9/1/2023 0:00,202309,High Load
11-Sep-23,132,243,183,10492,277,Valid,Valid,10735,-94,9/11/2023 0:00,Early Timeline,9/1/2023 0:00,202309,High Load
12-Sep-23,224,315,152,10649,316,Valid,Valid,10964,-164,9/11/2023 0:00,Early Timeline,9/1/2023 0:00,202309,High Load
13-Sep-23,167,326,213,10678,343,Valid,Valid,11004,-130,9/11/2023 0:00,Early Timeline,9/1/2023 0:00,202309,High Load
14-Sep-23,209,353,232,10837,414,Valid,Valid,11190,-182,9/11/2023 0:00,Early Timeline,9/1/2023 0:00,202309,High Load
18-Sep-23,180,337,219,10892,313,Valid,Valid,11229,-94,9/18/2023 0:00,Early Timeline,9/1/2023 0:00,202309,High Load
19-Sep-23,133,287,189,11095,260,Valid,Valid,11382,-71,9/18/2023 0:00,Early Timeline,9/1/2023 0:00,202309,High Load
20-Sep-23,187,310,247,11064,364,Valid,Valid,11374,-117,9/18/2023 0:00,Early Timeline,9/1/2023 0:00,202309,High Load
21-Sep-23,168,285,210,11067,428,Valid,Valid,11352,-218,9/18/2023 0:00,Early Timeline,9/1/2023 0:00,202309,High Load
24-Sep-23,269,412,204,10744,403,Valid,Valid,11156,-199,9/18/2023 0:00,Early Timeline,9/1/2023 0:00,202309,High Load
25-Sep-23,100,255,236,10842,284,Valid,Valid,11097,-48,9/25/2023 0:00,Early Timeline,9/1/2023 0:00,202309,High Load
26-Sep-23,205,294,177,10978,332,Valid,Valid,11272,-155,9/25/2023 0:00,Early Timeline,9/1/2023 0:00,202309,High Load
27-Sep-23,161,304,211,11017,331,Valid,Valid,11321,-120,9/25/2023 0:00,Early Timeline,9/1/2023 0:00,202309,High Load
2-Oct-23,107,170,133,10724,284,Valid,Valid,10894,-151,10/2/2023 0:00,Early Timeline,10/1/2023 0:00,202310,High Load
3-Oct-23,99,156,139,10818,287,Valid,Valid,10974,-148,10/2/2023 0:00,Early Timeline,10/1/2023 0:00,202310,High Load
5-Oct-23,35,70,53,11130,427,Valid,Valid,11200,-374,10/2/2023 0:00,Early Timeline,10/1/2023 0:00,202310,High Load
9-Oct-23,43,73,64,10815,282,Valid,Valid,10888,-218,10/9/2023 0:00,Early Timeline,10/1/2023 0:00,202310,High Load
11-Oct-23,65,83,65,10960,266,Valid,Valid,11043,-201,10/9/2023 0:00,Early Timeline,10/1/2023 0:00,202310,High Load
15-Oct-23,56,82,68,10571,434,Valid,Valid,10653,-366,10/9/2023 0:00,Early Timeline,10/1/2023 0:00,202310,High Load
16-Oct-23,74,103,80,10629,331,Valid,Valid,10732,-251,10/16/2023 0:00,Early Timeline,10/1/2023 0:00,202310,High Load
17-Oct-23,68,107,102,10630,315,Valid,Valid,10737,-213,10/16/2023 0:00,Early Timeline,10/1/2023 0:00,202310,High Load
18-Oct-23,92,124,93,10511,393,Valid,Valid,10635,-300,10/16/2023 0:00,Early Timeline,10/1/2023 0:00,202310,High Load
19-Oct-23,113,162,107,10319,406,Valid,Valid,10481,-299,10/16/2023 0:00,Early Timeline,10/1/2023 0:00,202310,High Load
22-Oct-23,106,196,131,9506,454,Valid,Valid,9702,-323,10/16/2023 0:00,Early Timeline,10/1/2023 0:00,202310,Normal
26-Oct-23,62,97,52,9235,390,Valid,Valid,9332,-338,10/23/2023 0:00,Early Timeline,10/1/2023 0:00,202310,Normal
30-Oct-23,29,51,11,9026,278,Valid,Valid,9077,-267,10/30/2023 0:00,Early Timeline,10/1/2023 0:00,202310,Normal
31-Oct-23,33,53,34,9072,295,Valid,Valid,9125,-261,10/30/2023 0:00,Early Timeline,10/1/2023 0:00,202310,Normal
1-Nov-23,132,235,197,9250,279,Valid,Valid,9485,-82,10/30/2023 0:00,Early Timeline,11/1/2023 0:00,202311,Normal
5-Nov-23,123,230,167,9273,370,Valid,Valid,9503,-203,10/30/2023 0:00,Early Timeline,11/1/2023 0:00,202311,Normal
6-Nov-23,123,233,159,9286,316,Valid,Valid,9519,-157,11/6/2023 0:00,Early Timeline,11/1/2023 0:00,202311,Normal
7-Nov-23,141,232,188,9483,231,Valid,Valid,9715,-43,11/6/2023 0:00,Early Timeline,11/1/2023 0:00,202311,Normal
8-Nov-23,158,226,191,9634,310,Valid,Valid,9860,-119,11/6/2023 0:00,Early Timeline,11/1/2023 0:00,202311,Normal
13-Nov-23,141,173,129,9510,287,Valid,Valid,9683,-158,11/13/2023 0:00,Early Timeline,11/1/2023 0:00,202311,Normal
16-Nov-23,80,176,125,9762,374,Valid,Valid,9938,-249,11/13/2023 0:00,Early Timeline,11/1/2023 0:00,202311,Normal
19-Nov-23,116,188,164,9573,435,Valid,Valid,9761,-271,11/13/2023 0:00,Early Timeline,11/1/2023 0:00,202311,Normal
20-Nov-23,105,185,158,9638,298,Valid,Valid,9823,-140,11/20/2023 0:00,Early Timeline,11/1/2023 0:00,202311,Normal
21-Nov-23,136,246,123,9804,250,Valid,Valid,10050,-127,11/20/2023 0:00,Early Timeline,11/1/2023 0:00,202311,High Load
23-Nov-23,128,228,177,9838,283,Valid,Valid,10066,-106,11/20/2023 0:00,Early Timeline,11/1/2023 0:00,202311,High Load
27-Nov-23,56,82,68,10123,214,Valid,Valid,10205,-146,11/27/2023 0:00,Early Timeline,11/1/2023 0:00,202311,High Load
28-Nov-23,74,103,80,10223,223,Valid,Valid,10326,-143,11/27/2023 0:00,Early Timeline,11/1/2023 0:00,202311,High Load
29-Nov-23,68,107,102,10398,284,Valid,Valid,10505,-182,11/27/2023 0:00,Early Timeline,11/1/2023 0:00,202311,High Load
30-Nov-23,92,124,93,10536,320,Valid,Valid,10660,-227,11/27/2023 0:00,Early Timeline,11/1/2023 0:00,202311,High Load
3-Dec-23,132,235,197,10579,417,Valid,Valid,10814,-220,11/27/2023 0:00,Early Timeline,12/1/2023 0:00,202312,High Load
5-Dec-23,123,230,167,10761,261,Valid,Valid,10991,-94,12/4/2023 0:00,Early Timeline,12/1/2023 0:00,202312,High Load
6-Dec-23,123,233,159,10832,376,Valid,Valid,11065,-217,12/4/2023 0:00,Early Timeline,12/1/2023 0:00,202312,High Load
7-Dec-23,141,232,188,10897,466,Valid,Valid,11129,-278,12/4/2023 0:00,Early Timeline,12/1/2023 0:00,202312,High Load
10-Dec-23,158,226,191,10871,411,Valid,Valid,11097,-220,12/4/2023 0:00,Early Timeline,12/1/2023 0:00,202312,High Load
12-Dec-23,141,173,129,11077,259,Valid,Valid,11250,-130,12/11/2023 0:00,Early Timeline,12/1/2023 0:00,202312,High Load
17-Dec-23,80,176,125,11092,456,Valid,Valid,11268,-331,12/11/2023 0:00,Early Timeline,12/1/2023 0:00,202312,High Load
18-Dec-23,116,188,164,11149,364,Valid,Valid,11337,-200,12/18/2023 0:00,Early Timeline,12/1/2023 0:00,202312,High Load
19-Dec-23,105,185,158,11291,272,Valid,Valid,11476,-114,12/18/2023 0:00,Early Timeline,12/1/2023 0:00,202312,High Load
20-Dec-23,136,246,123,11516,390,Valid,Valid,11762,-267,12/18/2023 0:00,Early Timeline,12/1/2023 0:00,202312,High Load
21-Dec-23,128,228,177,11375,497,Valid,Valid,11603,-320,12/18/2023 0:00,Early Timeline,12/1/2023 0:00,202312,High Load
26-Dec-23,56,82,68,11217,288,Valid,Valid,11299,-220,12/25/2023 0:00,Early Timeline,12/1/2023 0:00,202312,High Load
27-Dec-23,74,103,80,11206,335,Valid,Valid,11309,-255,12/25/2023 0:00,Early Timeline,12/1/2023 0:00,202312,High Load
28-Dec-23,68,107,102,11230,357,Valid,Valid,11337,-255,12/25/2023 0:00,Early Timeline,12/1/2023 0:00,202312,High Load
1-Jan-24,92,124,93,10870,290,Valid,Valid,10994,-197,1/1/2024 0:00,Middle Timeline,1/1/2024 0:00,202401,High Load
2-Jan-24,113,162,107,10770,316,Valid,Valid,10932,-209,1/1/2024 0:00,Middle Timeline,1/1/2024 0:00,202401,High Load
3-Jan-24,106,196,131,10718,263,Valid,Valid,10914,-132,1/1/2024 0:00,Middle Timeline,1/1/2024 0:00,202401,High Load
9-Jan-24,62,97,52,9311,286,Valid,Valid,9408,-234,1/8/2024 0:00,Middle Timeline,1/1/2024 0:00,202401,Normal
11-Jan-24,29,51,11,8829,476,Valid,Valid,8880,-465,1/8/2024 0:00,Middle Timeline,1/1/2024 0:00,202401,Normal
15-Jan-24,33,53,34,8033,234,Valid,Valid,8086,-200,1/15/2024 0:00,Middle Timeline,1/1/2024 0:00,202401,Normal
16-Jan-24,32,49,39,8133,188,Valid,Valid,8182,-149,1/15/2024 0:00,Middle Timeline,1/1/2024 0:00,202401,Normal
17-Jan-24,80,176,125,8072,353,Valid,Valid,8248,-228,1/15/2024 0:00,Middle Timeline,1/1/2024 0:00,202401,Normal
18-Jan-24,116,188,164,8042,359,Valid,Valid,8230,-195,1/15/2024 0:00,Middle Timeline,1/1/2024 0:00,202401,Normal
21-Jan-24,105,185,158,7974,371,Valid,Valid,8159,-213,1/15/2024 0:00,Middle Timeline,1/1/2024 0:00,202401,Normal
22-Jan-24,136,246,123,8008,222,Valid,Valid,8254,-99,1/22/2024 0:00,Middle Timeline,1/1/2024 0:00,202401,Normal
23-Jan-24,128,228,177,8133,202,Valid,Valid,8361,-25,1/22/2024 0:00,Middle Timeline,1/1/2024 0:00,202401,Normal
25-Jan-24,102,189,155,8180,293,Valid,Valid,8369,-138,1/22/2024 0:00,Middle Timeline,1/1/2024 0:00,202401,Normal
28-Jan-24,120,257,126,8004,307,Valid,Valid,8261,-181,1/22/2024 0:00,Middle Timeline,1/1/2024 0:00,202401,Normal
29-Jan-24,137,272,166,8057,195,Valid,Valid,8329,-29,1/29/2024 0:00,Middle Timeline,1/1/2024 0:00,202401,Normal
31-Jan-24,203,477,258,8153,266,Valid,Valid,8630,-8,1/29/2024 0:00,Middle Timeline,1/1/2024 0:00,202401,Normal
1-Feb-24,222,459,289,8026,337,Valid,Valid,8485,-48,1/29/2024 0:00,Middle Timeline,2/1/2024 0:00,202402,Normal
4-Feb-24,253,531,248,7813,342,Valid,Valid,8344,-94,1/29/2024 0:00,Middle Timeline,2/1/2024 0:00,202402,Normal
5-Feb-24,157,466,345,7872,242,Valid,Valid,8338,103,2/5/2024 0:00,Middle Timeline,2/1/2024 0:00,202402,Normal
6-Feb-24,291,455,323,8045,178,Valid,Valid,8500,145,2/5/2024 0:00,Middle Timeline,2/1/2024 0:00,202402,Normal
7-Feb-24,227,453,330,8160,222,Valid,Valid,8613,108,2/5/2024 0:00,Middle Timeline,2/1/2024 0:00,202402,Normal
8-Feb-24,298,499,358,8188,315,Valid,Valid,8687,43,2/5/2024 0:00,Middle Timeline,2/1/2024 0:00,202402,Normal
11-Feb-24,205,515,226,8056,347,Valid,Valid,8571,-121,2/5/2024 0:00,Middle Timeline,2/1/2024 0:00,202402,Normal
13-Feb-24,227,369,349,8348,160,Valid,Valid,8717,189,2/12/2024 0:00,Middle Timeline,2/1/2024 0:00,202402,Normal
14-Feb-24,185,322,272,8512,230,Valid,Valid,8834,42,2/12/2024 0:00,Middle Timeline,2/1/2024 0:00,202402,Normal
15-Feb-24,333,508,272,8463,312,Valid,Valid,8971,-40,2/12/2024 0:00,Middle Timeline,2/1/2024 0:00,202402,Normal
19-Feb-24,249,420,371,8380,218,Valid,Valid,8800,153,2/19/2024 0:00,Middle Timeline,2/1/2024 0:00,202402,Normal
20-Feb-24,149,395,273,8488,192,Valid,Valid,8883,81,2/19/2024 0:00,Middle Timeline,2/1/2024 0:00,202402,Normal
21-Feb-24,232,430,318,8573,231,Valid,Valid,9003,87,2/19/2024 0:00,Middle Timeline,2/1/2024 0:00,202402,Normal
22-Feb-24,165,400,292,8607,293,Valid,Valid,9007,-1,2/19/2024 0:00,Middle Timeline,2/1/2024 0:00,202402,Normal
25-Feb-24,244,482,366,8404,329,Valid,Valid,8886,37,2/19/2024 0:00,Middle Timeline,2/1/2024 0:00,202402,Normal
26-Feb-24,199,438,326,8404,329,Valid,Valid,8842,-3,2/26/2024 0:00,Middle Timeline,2/1/2024 0:00,202402,Normal
27-Feb-24,197,369,306,8650,206,Valid,Valid,9019,100,2/26/2024 0:00,Middle Timeline,2/1/2024 0:00,202402,Normal
28-Feb-24,209,447,274,8699,257,Valid,Valid,9146,17,2/26/2024 0:00,Middle Timeline,2/1/2024 0:00,202402,Normal
29-Feb-24,262,444,354,8724,299,Valid,Valid,9168,55,2/26/2024 0:00,Middle Timeline,2/1/2024 0:00,202402,Normal
3-Mar-24,236,468,347,8594,354,Valid,Valid,9062,-7,2/26/2024 0:00,Middle Timeline,3/1/2024 0:00,202403,Normal
4-Mar-24,225,509,340,8660,229,Valid,Valid,9169,111,3/4/2024 0:00,Middle Timeline,3/1/2024 0:00,202403,Normal
5-Mar-24,246,472,345,8800,214,Valid,Valid,9272,131,3/4/2024 0:00,Middle Timeline,3/1/2024 0:00,202403,Normal
6-Mar-24,230,457,277,8870,232,Valid,Valid,9327,45,3/4/2024 0:00,Middle Timeline,3/1/2024 0:00,202403,Normal
7-Mar-24,181,424,328,8902,305,Valid,Valid,9326,23,3/4/2024 0:00,Middle Timeline,3/1/2024 0:00,202403,Normal
10-Mar-24,190,368,326,8714,373,Valid,Valid,9082,-47,3/4/2024 0:00,Middle Timeline,3/1/2024 0:00,202403,Normal
11-Mar-24,178,336,290,8757,253,Valid,Valid,9093,37,3/11/2024 0:00,Middle Timeline,3/1/2024 0:00,202403,Normal
12-Mar-24,154,294,290,8843,213,Valid,Valid,9137,77,3/11/2024 0:00,Middle Timeline,3/1/2024 0:00,202403,Normal
13-Mar-24,165,358,167,8819,239,Valid,Valid,9177,-72,3/11/2024 0:00,Middle Timeline,3/1/2024 0:00,202403,Normal
14-Mar-24,166,301,252,8695,310,Valid,Valid,8996,-58,3/11/2024 0:00,Middle Timeline,3/1/2024 0:00,202403,Normal
17-Mar-24,127,260,259,8373,342,Valid,Valid,8633,-83,3/11/2024 0:00,Middle Timeline,3/1/2024 0:00,202403,Normal
18-Mar-24,123,243,188,8333,283,Valid,Valid,8576,-95,3/18/2024 0:00,Middle Timeline,3/1/2024 0:00,202403,Normal
20-Mar-24,91,181,174,8365,227,Valid,Valid,8546,-53,3/18/2024 0:00,Middle Timeline,3/1/2024 0:00,202403,Normal
21-Mar-24,132,261,141,8292,235,Valid,Valid,8553,-94,3/18/2024 0:00,Middle Timeline,3/1/2024 0:00,202403,Normal
24-Mar-24,124,264,221,7899,373,Valid,Valid,8163,-152,3/18/2024 0:00,Middle Timeline,3/1/2024 0:00,202403,Normal
25-Mar-24,128,242,224,7899,229,Valid,Valid,8141,-5,3/25/2024 0:00,Middle Timeline,3/1/2024 0:00,202403,Normal
26-Mar-24,187,276,200,7919,208,Valid,Valid,8195,-8,3/25/2024 0:00,Middle Timeline,3/1/2024 0:00,202403,Normal
27-Mar-24,129,287,185,7893,215,Valid,Valid,8180,-30,3/25/2024 0:00,Middle Timeline,3/1/2024 0:00,202403,Normal
28-Mar-24,161,288,248,7762,360,Valid,Valid,8050,-112,3/25/2024 0:00,Middle Timeline,3/1/2024 0:00,202403,Normal
31-Mar-24,105,254,151,7257,287,Valid,Valid,7511,-136,3/25/2024 0:00,Middle Timeline,3/1/2024 0:00,202403,Normal
1-Apr-24,109,235,171,7271,172,Valid,Valid,7506,-1,4/1/2024 0:00,Middle Timeline,4/1/2024 0:00,202404,Normal
2-Apr-24,101,230,175,7340,132,Valid,Valid,7570,43,4/1/2024 0:00,Middle Timeline,4/1/2024 0:00,202404,Normal
3-Apr-24,124,230,190,7346,163,Valid,Valid,7576,27,4/1/2024 0:00,Middle Timeline,4/1/2024 0:00,202404,Normal
4-Apr-24,95,226,152,7317,225,Valid,Valid,7543,-73,4/1/2024 0:00,Middle Timeline,4/1/2024 0:00,202404,Normal
7-Apr-24,106,239,233,6982,279,Valid,Valid,7221,-46,4/1/2024 0:00,Middle Timeline,4/1/2024 0:00,202404,Normal
8-Apr-24,102,230,167,6988,199,Valid,Valid,7218,-32,4/8/2024 0:00,Middle Timeline,4/1/2024 0:00,202404,Normal
9-Apr-24,118,231,217,7043,130,Valid,Valid,7274,87,4/8/2024 0:00,Middle Timeline,4/1/2024 0:00,202404,Normal
10-Apr-24,117,244,142,6999,227,Valid,Valid,7243,-85,4/8/2024 0:00,Middle Timeline,4/1/2024 0:00,202404,Normal
11-Apr-24,183,221,220,6912,285,Valid,Valid,7133,-65,4/8/2024 0:00,Middle Timeline,4/1/2024 0:00,202404,Normal
14-Apr-24,128,245,243,6630,290,Valid,Valid,6875,-47,4/8/2024 0:00,Middle Timeline,4/1/2024 0:00,202404,Normal
15-Apr-24,144,303,176,6681,191,Valid,Valid,6984,-15,4/15/2024 0:00,Middle Timeline,4/1/2024 0:00,202404,Normal
16-Apr-24,219,392,205,6685,163,Valid,Valid,7077,42,4/15/2024 0:00,Middle Timeline,4/1/2024 0:00,202404,Normal
17-Apr-24,182,371,274,6725,227,Valid,Valid,7096,47,4/15/2024 0:00,Middle Timeline,4/1/2024 0:00,202404,Normal
18-Apr-24,144,322,258,6728,260,Valid,Valid,7050,-2,4/15/2024 0:00,Middle Timeline,4/1/2024 0:00,202404,Normal
21-Apr-24,208,380,343,6745,240,Valid,Valid,7125,103,4/15/2024 0:00,Middle Timeline,4/1/2024 0:00,202404,Normal
22-Apr-24,176,424,251,6799,214,Valid,Valid,7223,37,4/22/2024 0:00,Middle Timeline,4/1/2024 0:00,202404,Normal
23-Apr-24,252,427,307,6967,134,Valid,Valid,7394,173,4/22/2024 0:00,Middle Timeline,4/1/2024 0:00,202404,Normal
24-Apr-24,253,411,307,7128,154,Valid,Valid,7539,153,4/22/2024 0:00,Middle Timeline,4/1/2024 0:00,202404,Normal
25-Apr-24,145,357,333,7209,217,Valid,Valid,7566,116,4/22/2024 0:00,Middle Timeline,4/1/2024 0:00,202404,Normal
29-Apr-24,140,292,255,7373,187,Valid,Valid,7665,68,4/29/2024 0:00,Middle Timeline,4/1/2024 0:00,202404,Normal
30-Apr-24,220,443,194,7431,135,Valid,Valid,7874,59,4/29/2024 0:00,Middle Timeline,4/1/2024 0:00,202404,Normal
1-May-24,197,437,295,7508,190,Valid,Valid,7945,105,4/29/2024 0:00,Middle Timeline,5/1/2024 0:00,202405,Normal
2-May-24,206,411,293,7577,194,Valid,Valid,7988,99,4/29/2024 0:00,Middle Timeline,5/1/2024 0:00,202405,Normal
5-May-24,150,315,228,7447,332,Valid,Valid,7762,-104,4/29/2024 0:00,Middle Timeline,5/1/2024 0:00,202405,Normal
6-May-24,173,337,211,7449,205,Valid,Valid,7786,6,5/6/2024 0:00,Middle Timeline,5/1/2024 0:00,202405,Normal
7-May-24,176,334,246,7566,163,Valid,Valid,7900,83,5/6/2024 0:00,Middle Timeline,5/1/2024 0:00,202405,Normal
8-May-24,167,374,205,7583,202,Valid,Valid,7957,3,5/6/2024 0:00,Middle Timeline,5/1/2024 0:00,202405,Normal
9-May-24,138,285,268,7570,244,Valid,Valid,7855,24,5/6/2024 0:00,Middle Timeline,5/1/2024 0:00,202405,Normal
12-May-24,138,301,263,7464,245,Valid,Valid,7765,18,5/6/2024 0:00,Middle Timeline,5/1/2024 0:00,202405,Normal
13-May-24,112,331,167,7499,157,Valid,Valid,7830,10,5/13/2024 0:00,Middle Timeline,5/1/2024 0:00,202405,Normal
14-May-24,246,419,218,7546,186,Valid,Valid,7965,32,5/13/2024 0:00,Middle Timeline,5/1/2024 0:00,202405,Normal
16-May-24,206,340,214,7565,234,Valid,Valid,7905,-20,5/13/2024 0:00,Middle Timeline,5/1/2024 0:00,202405,Normal
19-May-24,143,295,278,7356,298,Valid,Valid,7651,-20,5/13/2024 0:00,Middle Timeline,5/1/2024 0:00,202405,Normal
20-May-24,111,268,217,7368,192,Valid,Valid,7636,25,5/20/2024 0:00,Middle Timeline,5/1/2024 0:00,202405,Normal
21-May-24,196,348,176,7404,145,Valid,Valid,7752,31,5/20/2024 0:00,Middle Timeline,5/1/2024 0:00,202405,Normal
22-May-24,168,349,272,7474,208,Valid,Valid,7823,64,5/20/2024 0:00,Middle Timeline,5/1/2024 0:00,202405,Normal
27-May-24,156,344,252,7365,167,Valid,Valid,7709,85,5/27/2024 0:00,Middle Timeline,5/1/2024 0:00,202405,Normal
28-May-24,153,348,239,7418,151,Valid,Valid,7766,88,5/27/2024 0:00,Middle Timeline,5/1/2024 0:00,202405,Normal
29-May-24,182,462,158,7491,141,Valid,Valid,7953,17,5/27/2024 0:00,Middle Timeline,5/1/2024 0:00,202405,Normal
30-May-24,167,406,339,7563,190,Valid,Valid,7969,149,5/27/2024 0:00,Middle Timeline,5/1/2024 0:00,202405,Normal
2-Jun-24,159,330,322,7546,306,Valid,Valid,7876,16,5/27/2024 0:00,Middle Timeline,6/1/2024 0:00,202406,Normal
4-Jun-24,260,356,176,7565,203,Valid,Valid,7921,-27,6/3/2024 0:00,Middle Timeline,6/1/2024 0:00,202406,Normal
5-Jun-24,173,345,291,7691,198,Valid,Valid,8036,93,6/3/2024 0:00,Middle Timeline,6/1/2024 0:00,202406,Normal
6-Jun-24,179,326,282,7741,238,Valid,Valid,8067,44,6/3/2024 0:00,Middle Timeline,6/1/2024 0:00,202406,Normal
9-Jun-24,116,289,166,7451,312,Valid,Valid,7740,-146,6/3/2024 0:00,Middle Timeline,6/1/2024 0:00,202406,Normal
10-Jun-24,184,334,229,7439,212,Valid,Valid,7773,17,6/10/2024 0:00,Middle Timeline,6/1/2024 0:00,202406,Normal
11-Jun-24,186,352,224,7493,156,Valid,Valid,7845,68,6/10/2024 0:00,Middle Timeline,6/1/2024 0:00,202406,Normal
13-Jun-24,167,293,230,7544,259,Valid,Valid,7837,-29,6/10/2024 0:00,Middle Timeline,6/1/2024 0:00,202406,Normal
16-Jun-24,204,315,233,7307,294,Valid,Valid,7622,-61,6/10/2024 0:00,Middle Timeline,6/1/2024 0:00,202406,Normal
17-Jun-24,159,310,272,7318,224,Valid,Valid,7628,48,6/17/2024 0:00,Middle Timeline,6/1/2024 0:00,202406,Normal
18-Jun-24,160,297,253,7340,214,Valid,Valid,7637,39,6/17/2024 0:00,Middle Timeline,6/1/2024 0:00,202406,Normal
19-Jun-24,204,321,246,7433,198,Valid,Valid,7754,48,6/17/2024 0:00,Middle Timeline,6/1/2024 0:00,202406,Normal
20-Jun-24,145,247,243,7431,235,Valid,Valid,7678,8,6/17/2024 0:00,Middle Timeline,6/1/2024 0:00,202406,Normal
23-Jun-24,102,227,201,7247,294,Valid,Valid,7474,-93,6/17/2024 0:00,Middle Timeline,6/1/2024 0:00,202406,Normal
24-Jun-24,116,175,172,7239,202,Valid,Valid,7414,-30,6/24/2024 0:00,Middle Timeline,6/1/2024 0:00,202406,Normal
25-Jun-24,172,263,191,7239,202,Valid,Valid,7502,-11,6/24/2024 0:00,Middle Timeline,6/1/2024 0:00,202406,Normal
26-Jun-24,132,235,197,7268,187,Valid,Valid,7503,10,6/24/2024 0:00,Middle Timeline,6/1/2024 0:00,202406,Normal
30-Jun-24,123,230,167,6874,273,Valid,Valid,7104,-106,6/24/2024 0:00,Middle Timeline,6/1/2024 0:00,202406,Normal
1-Jul-24,123,233,159,6825,229,Valid,Valid,7058,-70,7/1/2024 0:00,Middle Timeline,7/1/2024 0:00,202407,Normal
2-Jul-24,141,232,188,6823,184,Valid,Valid,7055,4,7/1/2024 0:00,Middle Timeline,7/1/2024 0:00,202407,Normal
4-Jul-24,158,226,191,6790,225,Valid,Valid,7016,-34,7/1/2024 0:00,Middle Timeline,7/1/2024 0:00,202407,Normal
8-Jul-24,141,173,129,6617,123,Valid,Valid,6790,6,7/8/2024 0:00,Middle Timeline,7/1/2024 0:00,202407,Normal
11-Jul-24,80,176,125,6640,197,Valid,Valid,6816,-72,7/8/2024 0:00,Middle Timeline,7/1/2024 0:00,202407,Normal
14-Jul-24,116,188,164,6308,237,Valid,Valid,6496,-73,7/8/2024 0:00,Middle Timeline,7/1/2024 0:00,202407,Normal
15-Jul-24,105,185,158,6283,171,Valid,Valid,6468,-13,7/15/2024 0:00,Middle Timeline,7/1/2024 0:00,202407,Normal
16-Jul-24,136,246,123,6239,173,Valid,Valid,6485,-50,7/15/2024 0:00,Middle Timeline,7/1/2024 0:00,202407,Normal
17-Jul-24,128,228,177,6228,187,Valid,Valid,6456,-10,7/15/2024 0:00,Middle Timeline,7/1/2024 0:00,202407,Normal
22-Jul-24,102,189,155,6002,234,Valid,Valid,6191,-79,7/22/2024 0:00,Middle Timeline,7/1/2024 0:00,202407,Normal
23-Jul-24,120,257,126,5965,170,Valid,Valid,6222,-44,7/22/2024 0:00,Middle Timeline,7/1/2024 0:00,202407,Normal
24-Jul-24,137,272,166,5927,177,Valid,Valid,6199,-11,7/22/2024 0:00,Middle Timeline,7/1/2024 0:00,202407,Normal
28-Jul-24,152,290,199,5743,207,Valid,Valid,6033,-8,7/22/2024 0:00,Middle Timeline,7/1/2024 0:00,202407,Normal
31-Jul-24,140,261,163,5963,154,Valid,Valid,6224,9,7/29/2024 0:00,Middle Timeline,7/1/2024 0:00,202407,Normal
1-Aug-24,227,298,212,6016,169,Valid,Valid,6314,43,7/29/2024 0:00,Middle Timeline,8/1/2024 0:00,202408,Normal
4-Aug-24,63,167,143,5943,170,Valid,Valid,6110,-27,7/29/2024 0:00,Middle Timeline,8/1/2024 0:00,202408,Normal
5-Aug-24,172,259,138,5950,150,Valid,Valid,6209,-12,8/5/2024 0:00,Middle Timeline,8/1/2024 0:00,202408,Normal
6-Aug-24,163,283,200,5998,143,Valid,Valid,6281,57,8/5/2024 0:00,Middle Timeline,8/1/2024 0:00,202408,Normal
7-Aug-24,135,273,207,6038,174,Valid,Valid,6311,33,8/5/2024 0:00,Middle Timeline,8/1/2024 0:00,202408,Normal
8-Aug-24,119,230,213,6084,174,Valid,Valid,6314,39,8/5/2024 0:00,Middle Timeline,8/1/2024 0:00,202408,Normal
11-Aug-24,95,211,140,5894,249,Valid,Valid,6105,-109,8/5/2024 0:00,Middle Timeline,8/1/2024 0:00,202408,Normal
12-Aug-24,109,219,155,5903,148,Valid,Valid,6122,7,8/12/2024 0:00,Middle Timeline,8/1/2024 0:00,202408,Normal
13-Aug-24,162,239,189,5981,123,Valid,Valid,6220,66,8/12/2024 0:00,Middle Timeline,8/1/2024 0:00,202408,Normal
14-Aug-24,109,226,191,5987,178,Valid,Valid,6213,13,8/12/2024 0:00,Middle Timeline,8/1/2024 0:00,202408,Normal
15-Aug-24,124,241,156,5895,220,Valid,Valid,6136,-64,8/12/2024 0:00,Middle Timeline,8/1/2024 0:00,202408,Normal
18-Aug-24,86,244,235,5821,178,Valid,Valid,6065,57,8/12/2024 0:00,Middle Timeline,8/1/2024 0:00,202408,Normal
19-Aug-24,176,254,162,5865,158,Valid,Valid,6119,4,8/19/2024 0:00,Middle Timeline,8/1/2024 0:00,202408,Normal
20-Aug-24,136,274,245,5995,112,Valid,Valid,6269,133,8/19/2024 0:00,Middle Timeline,8/1/2024 0:00,202408,Normal
21-Aug-24,134,245,167,6028,156,Valid,Valid,6273,11,8/19/2024 0:00,Middle Timeline,8/1/2024 0:00,202408,Normal
22-Aug-24,182,307,205,6054,171,Valid,Valid,6361,34,8/19/2024 0:00,Middle Timeline,8/1/2024 0:00,202408,Normal
27-Aug-24,149,285,222,6152,97,Valid,Valid,6437,125,8/26/2024 0:00,Middle Timeline,8/1/2024 0:00,202408,Normal
28-Aug-24,170,285,178,6227,134,Valid,Valid,6512,44,8/26/2024 0:00,Middle Timeline,8/1/2024 0:00,202408,Normal
29-Aug-24,145,295,188,6250,169,Valid,Valid,6545,19,8/26/2024 0:00,Middle Timeline,8/1/2024 0:00,202408,Normal
2-Sep-24,133,270,198,6192,129,Valid,Valid,6462,69,9/2/2024 0:00,Middle Timeline,9/1/2024 0:00,202409,Normal
3-Sep-24,131,263,177,6272,112,Valid,Valid,6535,65,9/2/2024 0:00,Middle Timeline,9/1/2024 0:00,202409,Normal
4-Sep-24,121,231,219,6375,114,Valid,Valid,6606,105,9/2/2024 0:00,Middle Timeline,9/1/2024 0:00,202409,Normal
5-Sep-24,126,230,175,6448,121,Valid,Valid,6678,54,9/2/2024 0:00,Middle Timeline,9/1/2024 0:00,202409,Normal
8-Sep-24,123,255,164,6312,221,Valid,Valid,6567,-57,9/2/2024 0:00,Middle Timeline,9/1/2024 0:00,202409,Normal
9-Sep-24,144,275,190,6353,141,Valid,Valid,6628,49,9/9/2024 0:00,Middle Timeline,9/1/2024 0:00,202409,Normal
10-Sep-24,131,251,180,6396,148,Valid,Valid,6647,32,9/9/2024 0:00,Middle Timeline,9/1/2024 0:00,202409,Normal
11-Sep-24,93,248,175,6410,162,Valid,Valid,6658,13,9/9/2024 0:00,Middle Timeline,9/1/2024 0:00,202409,Normal
12-Sep-24,184,280,210,6360,220,Valid,Valid,6640,-10,9/9/2024 0:00,Middle Timeline,9/1/2024 0:00,202409,Normal
15-Sep-24,98,220,167,6234,210,Valid,Valid,6454,-43,9/9/2024 0:00,Middle Timeline,9/1/2024 0:00,202409,Normal
16-Sep-24,113,209,160,6229,164,Valid,Valid,6438,-4,9/16/2024 0:00,Middle Timeline,9/1/2024 0:00,202409,Normal
17-Sep-24,159,304,139,6227,160,Valid,Valid,6531,-21,9/16/2024 0:00,Middle Timeline,9/1/2024 0:00,202409,Normal
19-Sep-24,93,196,169,6270,188,Valid,Valid,6466,-19,9/16/2024 0:00,Middle Timeline,9/1/2024 0:00,202409,Normal
22-Sep-24,124,234,161,5989,197,Valid,Valid,6223,-36,9/16/2024 0:00,Middle Timeline,9/1/2024 0:00,202409,Normal
23-Sep-24,92,203,173,6002,165,Valid,Valid,6205,8,9/23/2024 0:00,Middle Timeline,9/1/2024 0:00,202409,Normal
24-Sep-24,186,259,172,6023,143,Valid,Valid,6282,29,9/23/2024 0:00,Middle Timeline,9/1/2024 0:00,202409,Normal
25-Sep-24,154,225,220,6050,169,Valid,Valid,6275,51,9/23/2024 0:00,Middle Timeline,9/1/2024 0:00,202409,Normal
26-Sep-24,91,199,172,6090,185,Valid,Valid,6289,-13,9/23/2024 0:00,Middle Timeline,9/1/2024 0:00,202409,Normal
29-Sep-24,81,213,153,5925,177,Valid,Valid,6138,-24,9/23/2024 0:00,Middle Timeline,9/1/2024 0:00,202409,Normal
30-Sep-24,209,285,184,5967,138,Valid,Valid,6252,46,9/30/2024 0:00,Middle Timeline,9/1/2024 0:00,202409,Normal
1-Oct-24,184,314,217,6040,137,Valid,Valid,6354,80,9/30/2024 0:00,Middle Timeline,10/1/2024 0:00,202410,Normal
7-Oct-24,99,190,176,5968,153,Valid,Valid,6158,23,10/7/2024 0:00,Middle Timeline,10/1/2024 0:00,202410,Normal
8-Oct-24,167,239,166,6013,123,Valid,Valid,6252,43,10/7/2024 0:00,Middle Timeline,10/1/2024 0:00,202410,Normal
9-Oct-24,115,216,169,6047,137,Valid,Valid,6263,32,10/7/2024 0:00,Middle Timeline,10/1/2024 0:00,202410,Normal
13-Oct-24,130,227,192,5889,210,Valid,Valid,6116,-18,10/7/2024 0:00,Middle Timeline,10/1/2024 0:00,202410,Normal
14-Oct-24,88,214,160,5935,106,Valid,Valid,6149,54,10/14/2024 0:00,Middle Timeline,10/1/2024 0:00,202410,Normal
15-Oct-24,113,208,159,6013,107,Valid,Valid,6221,52,10/14/2024 0:00,Middle Timeline,10/1/2024 0:00,202410,Normal
16-Oct-24,174,285,150,6036,129,Valid,Valid,6321,21,10/14/2024 0:00,Middle Timeline,10/1/2024 0:00,202410,Normal
17-Oct-24,104,230,206,6076,160,Valid,Valid,6306,46,10/14/2024 0:00,Middle Timeline,10/1/2024 0:00,202410,Normal
20-Oct-24,147,276,214,5918,195,Valid,Valid,6194,19,10/14/2024 0:00,Middle Timeline,10/1/2024 0:00,202410,Normal
21-Oct-24,108,220,213,5966,154,Valid,Valid,6186,59,10/21/2024 0:00,Middle Timeline,10/1/2024 0:00,202410,Normal
22-Oct-24,180,280,146,6043,109,Valid,Valid,6323,37,10/21/2024 0:00,Middle Timeline,10/1/2024 0:00,202410,Normal
23-Oct-24,134,294,186,6077,138,Valid,Valid,6371,48,10/21/2024 0:00,Middle Timeline,10/1/2024 0:00,202410,Normal
27-Oct-24,202,313,158,5974,192,Valid,Valid,6287,-34,10/21/2024 0:00,Middle Timeline,10/1/2024 0:00,202410,Normal
28-Oct-24,110,272,193,6008,156,Valid,Valid,6280,37,10/28/2024 0:00,Middle Timeline,10/1/2024 0:00,202410,Normal
29-Oct-24,166,277,229,6106,126,Valid,Valid,6383,103,10/28/2024 0:00,Middle Timeline,10/1/2024 0:00,202410,Normal
30-Oct-24,136,276,178,6149,160,Valid,Valid,6425,18,10/28/2024 0:00,Middle Timeline,10/1/2024 0:00,202410,Normal
31-Oct-24,87,246,173,6148,177,Valid,Valid,6394,-4,10/28/2024 0:00,Middle Timeline,10/1/2024 0:00,202410,Normal
3-Nov-24,84,171,157,5990,184,Valid,Valid,6161,-27,10/28/2024 0:00,Middle Timeline,11/1/2024 0:00,202411,Normal
4-Nov-24,167,209,157,6007,132,Valid,Valid,6216,25,11/4/2024 0:00,Middle Timeline,11/1/2024 0:00,202411,Normal
5-Nov-24,109,245,159,6045,126,Valid,Valid,6290,33,11/4/2024 0:00,Middle Timeline,11/1/2024 0:00,202411,Normal
6-Nov-24,156,256,176,6086,137,Valid,Valid,6342,39,11/4/2024 0:00,Middle Timeline,11/1/2024 0:00,202411,Normal
7-Nov-24,125,232,192,6084,177,Valid,Valid,6316,15,11/4/2024 0:00,Middle Timeline,11/1/2024 0:00,202411,Normal
12-Nov-24,142,235,139,5975,138,Valid,Valid,6210,1,11/11/2024 0:00,Middle Timeline,11/1/2024 0:00,202411,Normal
13-Nov-24,148,245,175,5966,151,Valid,Valid,6211,24,11/11/2024 0:00,Middle Timeline,11/1/2024 0:00,202411,Normal
14-Nov-24,119,219,210,6025,172,Valid,Valid,6244,38,11/11/2024 0:00,Middle Timeline,11/1/2024 0:00,202411,Normal
17-Nov-24,105,210,149,5816,195,Valid,Valid,6026,-46,11/11/2024 0:00,Middle Timeline,11/1/2024 0:00,202411,Normal
18-Nov-24,143,203,163,5819,138,Valid,Valid,6022,25,11/18/2024 0:00,Middle Timeline,11/1/2024 0:00,202411,Normal
19-Nov-24,119,209,152,5844,146,Valid,Valid,6053,6,11/18/2024 0:00,Middle Timeline,11/1/2024 0:00,202411,Normal
20-Nov-24,155,212,181,5879,148,Valid,Valid,6091,33,11/18/2024 0:00,Middle Timeline,11/1/2024 0:00,202411,Normal
21-Nov-24,109,214,173,5850,210,Valid,Valid,6064,-37,11/18/2024 0:00,Middle Timeline,11/1/2024 0:00,202411,Normal
24-Nov-24,191,283,192,5664,207,Valid,Valid,5947,-15,11/18/2024 0:00,Middle Timeline,11/1/2024 0:00,202411,Normal
25-Nov-24,170,297,196,5715,129,Valid,Valid,6012,67,11/25/2024 0:00,Middle Timeline,11/1/2024 0:00,202411,Normal
26-Nov-24,152,272,214,5826,112,Valid,Valid,6098,102,11/25/2024 0:00,Middle Timeline,11/1/2024 0:00,202411,Normal
27-Nov-24,239,367,224,5862,211,Valid,Valid,6229,13,11/25/2024 0:00,Middle Timeline,11/1/2024 0:00,202411,Normal
28-Nov-24,113,280,237,5963,143,Valid,Valid,6243,94,11/25/2024 0:00,Middle Timeline,11/1/2024 0:00,202411,Normal
1-Dec-24,196,306,187,5986,149,Valid,Valid,6292,38,11/25/2024 0:00,Middle Timeline,12/1/2024 0:00,202412,Normal
2-Dec-24,236,330,222,6061,115,Valid,Valid,6391,107,12/2/2024 0:00,Middle Timeline,12/1/2024 0:00,202412,Normal
4-Dec-24,118,245,160,6269,115,Valid,Valid,6514,45,12/2/2024 0:00,Middle Timeline,12/1/2024 0:00,202412,Normal
5-Dec-24,218,283,208,6310,150,Valid,Valid,6593,58,12/2/2024 0:00,Middle Timeline,12/1/2024 0:00,202412,Normal
8-Dec-24,132,243,183,6286,172,Valid,Valid,6529,11,12/2/2024 0:00,Middle Timeline,12/1/2024 0:00,202412,Normal
9-Dec-24,224,315,152,6268,174,Valid,Valid,6583,-22,12/9/2024 0:00,Middle Timeline,12/1/2024 0:00,202412,Normal
10-Dec-24,167,326,213,6310,149,Valid,Valid,6636,64,12/9/2024 0:00,Middle Timeline,12/1/2024 0:00,202412,Normal
11-Dec-24,209,353,232,6402,152,Valid,Valid,6755,80,12/9/2024 0:00,Middle Timeline,12/1/2024 0:00,202412,Normal
15-Dec-24,180,337,219,6408,224,Valid,Valid,6745,-5,12/9/2024 0:00,Middle Timeline,12/1/2024 0:00,202412,Normal
16-Dec-24,133,287,189,6454,149,Valid,Valid,6741,40,12/16/2024 0:00,Middle Timeline,12/1/2024 0:00,202412,Normal
17-Dec-24,187,310,247,6506,151,Valid,Valid,6816,96,12/16/2024 0:00,Middle Timeline,12/1/2024 0:00,202412,Normal
18-Dec-24,168,285,210,6598,134,Valid,Valid,6883,76,12/16/2024 0:00,Middle Timeline,12/1/2024 0:00,202412,Normal
19-Dec-24,269,412,204,6600,238,Valid,Valid,7012,-34,12/16/2024 0:00,Middle Timeline,12/1/2024 0:00,202412,Normal
22-Dec-24,100,255,236,6595,268,Valid,Valid,6850,-32,12/16/2024 0:00,Middle Timeline,12/1/2024 0:00,202412,Normal
23-Dec-24,205,294,177,6548,231,Valid,Valid,6842,-54,12/23/2024 0:00,Middle Timeline,12/1/2024 0:00,202412,Normal
24-Dec-24,161,304,211,6622,155,Valid,Valid,6926,56,12/23/2024 0:00,Middle Timeline,12/1/2024 0:00,202412,Normal
29-Dec-24,107,170,133,6465,216,Valid,Valid,6635,-83,12/23/2024 0:00,Middle Timeline,12/1/2024 0:00,202412,Normal
30-Dec-24,99,156,139,6454,177,Valid,Valid,6610,-38,12/30/2024 0:00,Middle Timeline,12/1/2024 0:00,202412,Normal
2-Jan-25,35,70,53,6292,170,Valid,Valid,6362,-117,12/30/2024 0:00,Late Timeline,1/1/2025 0:00,202501,Normal
5-Jan-25,43,73,64,5882,185,Valid,Valid,5955,-121,12/30/2024 0:00,Late Timeline,1/1/2025 0:00,202501,Normal
7-Jan-25,65,83,65,5703,133,Valid,Valid,5786,-68,1/6/2025 0:00,Late Timeline,1/1/2025 0:00,202501,Normal
9-Jan-25,56,82,68,5507,164,Valid,Valid,5589,-96,1/6/2025 0:00,Late Timeline,1/1/2025 0:00,202501,Normal
12-Jan-25,74,103,80,5092,235,Valid,Valid,5195,-155,1/6/2025 0:00,Late Timeline,1/1/2025 0:00,202501,Normal
13-Jan-25,68,107,102,5019,181,Valid,Valid,5126,-79,1/13/2025 0:00,Late Timeline,1/1/2025 0:00,202501,Normal
14-Jan-25,92,124,93,4957,139,Valid,Valid,5081,-46,1/13/2025 0:00,Late Timeline,1/1/2025 0:00,202501,Normal
15-Jan-25,113,162,107,4903,164,Valid,Valid,5065,-57,1/13/2025 0:00,Late Timeline,1/1/2025 0:00,202501,Normal
16-Jan-25,106,196,131,4881,159,Valid,Valid,5077,-28,1/13/2025 0:00,Late Timeline,1/1/2025 0:00,202501,Normal
22-Jan-25,62,97,52,4717,83,Valid,Valid,4814,-31,1/20/2025 0:00,Late Timeline,1/1/2025 0:00,202501,Normal
26-Jan-25,29,51,11,4241,182,Valid,Valid,4292,-171,1/20/2025 0:00,Late Timeline,1/1/2025 0:00,202501,Normal
27-Jan-25,33,53,34,4161,127,Valid,Valid,4214,-93,1/27/2025 0:00,Late Timeline,1/1/2025 0:00,202501,Normal
28-Jan-25,32,49,39,4096,101,Valid,Valid,4145,-62,1/27/2025 0:00,Late Timeline,1/1/2025 0:00,202501,Normal
29-Jan-25,32,50,39,4036,99,Valid,Valid,4086,-60,1/27/2025 0:00,Late Timeline,1/1/2025 0:00,202501,Normal
3-Feb-25,23,45,11,3403,102,Valid,Valid,3448,-91,2/3/2025 0:00,Late Timeline,2/1/2025 0:00,202502,Normal
4-Feb-25,34,54,29,3359,74,Valid,Valid,3413,-45,2/3/2025 0:00,Late Timeline,2/1/2025 0:00,202502,Normal
5-Feb-25,26,36,36,3290,104,Valid,Valid,3326,-68,2/3/2025 0:00,Late Timeline,2/1/2025 0:00,202502,Normal
6-Feb-25,25,32,27,3181,145,Valid,Valid,3213,-118,2/3/2025 0:00,Late Timeline,2/1/2025 0:00,202502,Normal
10-Feb-25,16,18,15,2834,63,Valid,Valid,2852,-48,2/10/2025 0:00,Late Timeline,2/1/2025 0:00,202502,Normal
11-Feb-25,11,22,12,2799,50,Valid,Valid,2821,-38,2/10/2025 0:00,Late Timeline,2/1/2025 0:00,202502,Normal
12-Feb-25,16,20,20,2752,66,Valid,Valid,2772,-46,2/10/2025 0:00,Late Timeline,2/1/2025 0:00,202502,Normal
17-Feb-25,8,17,14,2532,15,Valid,Valid,2549,-1,2/17/2025 0:00,Late Timeline,2/1/2025 0:00,202502,Normal
18-Feb-25,18,19,11,2536,9,Valid,Valid,2555,2,2/17/2025 0:00,Late Timeline,2/1/2025 0:00,202502,Normal
19-Feb-25,12,17,17,2528,19,Valid,Valid,2545,-2,2/17/2025 0:00,Late Timeline,2/1/2025 0:00,202502,Normal
20-Feb-25,13,25,15,2520,32,Valid,Valid,2545,-17,2/17/2025 0:00,Late Timeline,2/1/2025 0:00,202502,Normal
23-Feb-25,7,16,8,2423,35,Valid,Valid,2439,-27,2/17/2025 0:00,Late Timeline,2/1/2025 0:00,202502,Normal
24-Feb-25,20,22,14,2413,24,Valid,Valid,2435,-10,2/24/2025 0:00,Late Timeline,2/1/2025 0:00,202502,Normal
25-Feb-25,11,7,7,2413,23,Valid,Valid,2420,-16,2/24/2025 0:00,Late Timeline,2/1/2025 0:00,202502,Normal
26-Feb-25,12,21,1,2411,23,Valid,Valid,2432,-22,2/24/2025 0:00,Late Timeline,2/1/2025 0:00,202502,Normal
2-Mar-25,12,24,4,2297,31,Valid,Valid,2321,-27,2/24/2025 0:00,Late Timeline,3/1/2025 0:00,202503,Normal
3-Mar-25,8,29,18,2287,25,Valid,Valid,2316,-7,3/3/2025 0:00,Late Timeline,3/1/2025 0:00,202503,Normal
4-Mar-25,4,25,10,2272,30,Valid,Valid,2297,-20,3/3/2025 0:00,Late Timeline,3/1/2025 0:00,202503,Normal
5-Mar-25,5,20,4,2238,40,Valid,Valid,2258,-36,3/3/2025 0:00,Late Timeline,3/1/2025 0:00,202503,Normal
6-Mar-25,7,27,6,2218,33,Valid,Valid,2245,-27,3/3/2025 0:00,Late Timeline,3/1/2025 0:00,202503,Normal
9-Mar-25,12,25,15,2137,30,Valid,Valid,2162,-15,3/3/2025 0:00,Late Timeline,3/1/2025 0:00,202503,Normal
10-Mar-25,6,28,8,2125,23,Valid,Valid,2153,-15,3/10/2025 0:00,Late Timeline,3/1/2025 0:00,202503,Normal
11-Mar-25,3,11,7,2116,20,Valid,Valid,2127,-13,3/10/2025 0:00,Late Timeline,3/1/2025 0:00,202503,Normal
12-Mar-25,6,18,2,2113,8,Valid,Valid,2131,-6,3/10/2025 0:00,Late Timeline,3/1/2025 0:00,202503,Normal
13-Mar-25,4,20,9,2116,6,Valid,Valid,2136,3,3/10/2025 0:00,Late Timeline,3/1/2025 0:00,202503,Normal
16-Mar-25,1,9,8,2117,5,Valid,Valid,2126,3,3/10/2025 0:00,Late Timeline,3/1/2025 0:00,202503,Normal
17-Mar-25,5,14,0,2111,8,Valid,Valid,2125,-8,3/17/2025 0:00,Late Timeline,3/1/2025 0:00,202503,Normal
18-Mar-25,19,34,6,2109,8,Valid,Valid,2143,-2,3/17/2025 0:00,Late Timeline,3/1/2025 0:00,202503,Normal
19-Mar-25,6,22,14,2119,9,Valid,Valid,2141,5,3/17/2025 0:00,Late Timeline,3/1/2025 0:00,202503,Normal
20-Mar-25,9,20,11,2124,7,Valid,Valid,2144,4,3/17/2025 0:00,Late Timeline,3/1/2025 0:00,202503,Normal
23-Mar-25,15,29,9,2136,2,Valid,Valid,2165,7,3/17/2025 0:00,Late Timeline,3/1/2025 0:00,202503,Normal
24-Mar-25,7,13,11,2139,7,Valid,Valid,2152,4,3/24/2025 0:00,Late Timeline,3/1/2025 0:00,202503,Normal
25-Mar-25,12,19,7,2145,6,Valid,Valid,2164,1,3/24/2025 0:00,Late Timeline,3/1/2025 0:00,202503,Normal
26-Mar-25,9,21,15,2159,2,Valid,Valid,2180,13,3/24/2025 0:00,Late Timeline,3/1/2025 0:00,202503,Normal
27-Mar-25,1,19,13,2159,2,Valid,Valid,2178,11,3/24/2025 0:00,Late Timeline,3/1/2025 0:00,202503,Normal
30-Mar-25,9,20,5,2188,2,Valid,Valid,2208,3,3/24/2025 0:00,Late Timeline,3/1/2025 0:00,202503,Normal
31-Mar-25,9,25,8,2193,5,Valid,Valid,2218,3,3/31/2025 0:00,Late Timeline,3/1/2025 0:00,202503,Normal
1-Apr-25,17,36,7,2191,12,Valid,Valid,2227,-5,3/31/2025 0:00,Late Timeline,4/1/2025 0:00,202504,Normal
2-Apr-25,5,31,16,2208,3,Valid,Valid,2239,13,3/31/2025 0:00,Late Timeline,4/1/2025 0:00,202504,Normal
3-Apr-25,12,26,18,2223,8,Valid,Valid,2249,10,3/31/2025 0:00,Late Timeline,4/1/2025 0:00,202504,Normal
6-Apr-25,7,14,7,2234,11,Valid,Valid,2248,-4,3/31/2025 0:00,Late Timeline,4/1/2025 0:00,202504,Normal
7-Apr-25,12,22,9,2237,5,Valid,Valid,2259,4,4/7/2025 0:00,Late Timeline,4/1/2025 0:00,202504,Normal
8-Apr-25,12,34,12,2243,9,Valid,Valid,2277,3,4/7/2025 0:00,Late Timeline,4/1/2025 0:00,202504,Normal
9-Apr-25,6,19,10,2251,5,Valid,Valid,2270,5,4/7/2025 0:00,Late Timeline,4/1/2025 0:00,202504,Normal
10-Apr-25,18,25,17,2265,6,Valid,Valid,2290,11,4/7/2025 0:00,Late Timeline,4/1/2025 0:00,202504,Normal
11-Apr-25,8,22,8,2267,9,Valid,Valid,2289,-1,4/7/2025 0:00,Late Timeline,4/1/2025 0:00,202504,Normal
13-Apr-25,5,26,10,2283,3,Valid,Valid,2309,7,4/7/2025 0:00,Late Timeline,4/1/2025 0:00,202504,Normal
14-Apr-25,5,26,9,2282,13,Valid,Valid,2308,-4,4/14/2025 0:00,Late Timeline,4/1/2025 0:00,202504,Normal
15-Apr-25,4,19,12,2286,7,Valid,Valid,2305,5,4/14/2025 0:00,Late Timeline,4/1/2025 0:00,202504,Normal
16-Apr-25,11,30,5,2291,8,Valid,Valid,2321,-3,4/14/2025 0:00,Late Timeline,4/1/2025 0:00,202504,Normal
17-Apr-25,7,26,10,2288,14,Valid,Valid,2314,-4,4/14/2025 0:00,Late Timeline,4/1/2025 0:00,202504,Normal
20-Apr-25,4,15,6,2305,4,Valid,Valid,2320,2,4/14/2025 0:00,Late Timeline,4/1/2025 0:00,202504,Normal
21-Apr-25,10,25,5,2308,6,Valid,Valid,2333,-1,4/21/2025 0:00,Late Timeline,4/1/2025 0:00,202504,Normal
22-Apr-25,7,19,14,2305,17,Valid,Valid,2324,-3,4/21/2025 0:00,Late Timeline,4/1/2025 0:00,202504,Normal
23-Apr-25,3,23,4,2300,11,Valid,Valid,2323,-7,4/21/2025 0:00,Late Timeline,4/1/2025 0:00,202504,Normal
24-Apr-25,3,9,7,2294,13,Valid,Valid,2303,-6,4/21/2025 0:00,Late Timeline,4/1/2025 0:00,202504,Normal
27-Apr-25,9,40,12,2301,4,Valid,Valid,2341,8,4/21/2025 0:00,Late Timeline,4/1/2025 0:00,202504,Normal
28-Apr-25,6,26,12,2307,8,Valid,Valid,2333,4,4/28/2025 0:00,Late Timeline,4/1/2025 0:00,202504,Normal
29-Apr-25,11,25,11,2304,15,Valid,Valid,2329,-4,4/28/2025 0:00,Late Timeline,4/1/2025 0:00,202504,Normal
30-Apr-25,7,34,9,2309,12,Valid,Valid,2343,-3,4/28/2025 0:00,Late Timeline,4/1/2025 0:00,202504,Normal
1-May-25,13,32,14,2306,16,Valid,Valid,2338,-2,4/28/2025 0:00,Late Timeline,5/1/2025 0:00,202505,Normal
4-May-25,9,31,10,2335,5,Valid,Valid,2366,5,4/28/2025 0:00,Late Timeline,5/1/2025 0:00,202505,Normal
5-May-25,15,44,20,2331,17,Valid,Valid,2375,3,5/5/2025 0:00,Late Timeline,5/1/2025 0:00,202505,Normal
6-May-25,10,33,16,2339,16,Valid,Valid,2372,0,5/5/2025 0:00,Late Timeline,5/1/2025 0:00,202505,Normal
7-May-25,10,30,15,2335,10,Valid,Valid,2365,5,5/5/2025 0:00,Late Timeline,5/1/2025 0:00,202505,Normal
8-May-25,15,24,16,2361,11,Valid,Valid,2385,5,5/5/2025 0:00,Late Timeline,5/1/2025 0:00,202505,Normal
11-May-25,15,20,12,2385,3,Valid,Valid,2405,9,5/5/2025 0:00,Late Timeline,5/1/2025 0:00,202505,Normal
12-May-25,7,33,14,2392,7,Valid,Valid,2425,7,5/12/2025 0:00,Late Timeline,5/1/2025 0:00,202505,Normal
13-May-25,18,29,12,2394,11,Valid,Valid,2423,1,5/12/2025 0:00,Late Timeline,5/1/2025 0:00,202505,Normal
14-May-25,7,30,14,2394,11,Valid,Valid,2424,3,5/12/2025 0:00,Late Timeline,5/1/2025 0:00,202505,Normal
15-May-25,15,31,14,2410,14,Valid,Valid,2441,0,5/12/2025 0:00,Late Timeline,5/1/2025 0:00,202505,Normal
18-May-25,13,28,14,2437,9,Valid,Valid,2465,5,5/12/2025 0:00,Late Timeline,5/1/2025 0:00,202505,Normal
19-May-25,7,27,17,2457,6,Valid,Valid,2484,11,5/19/2025 0:00,Late Timeline,5/1/2025 0:00,202505,Normal
21-May-25,14,62,13,2467,18,Valid,Valid,2529,-5,5/19/2025 0:00,Late Timeline,5/1/2025 0:00,202505,Normal
22-May-25,18,36,17,2473,15,Valid,Valid,2509,2,5/19/2025 0:00,Late Timeline,5/1/2025 0:00,202505,Normal
27-May-25,6,24,7,2504,11,Valid,Valid,2528,-4,5/26/2025 0:00,Late Timeline,5/1/2025 0:00,202505,Normal
28-May-25,12,39,12,2499,14,Valid,Valid,2538,-2,5/26/2025 0:00,Late Timeline,5/1/2025 0:00,202505,Normal
29-May-25,13,38,15,2506,11,Valid,Valid,2544,4,5/26/2025 0:00,Late Timeline,5/1/2025 0:00,202505,Normal
1-Jun-25,8,24,16,2528,12,Valid,Valid,2552,4,5/26/2025 0:00,Late Timeline,6/1/2025 0:00,202506,Normal
2-Jun-25,10,19,5,2518,16,Valid,Valid,2537,-11,6/2/2025 0:00,Late Timeline,6/1/2025 0:00,202506,Normal
3-Jun-25,5,23,11,2519,15,Valid,Valid,2542,-4,6/2/2025 0:00,Late Timeline,6/1/2025 0:00,202506,Normal
4-Jun-25,4,16,9,2516,16,Valid,Valid,2532,-7,6/2/2025 0:00,Late Timeline,6/1/2025 0:00,202506,Normal
5-Jun-25,8,26,5,2503,21,Valid,Valid,2529,-16,6/2/2025 0:00,Late Timeline,6/1/2025 0:00,202506,Normal
8-Jun-25,10,16,15,2507,13,Valid,Valid,2523,2,6/2/2025 0:00,Late Timeline,6/1/2025 0:00,202506,Normal
9-Jun-25,8,21,14,2516,9,Valid,Valid,2537,5,6/9/2025 0:00,Late Timeline,6/1/2025 0:00,202506,Normal
10-Jun-25,17,28,7,2511,12,Valid,Valid,2539,-5,6/9/2025 0:00,Late Timeline,6/1/2025 0:00,202506,Normal
17-Jun-25,7,24,10,2523,14,Valid,Valid,2547,-4,6/16/2025 0:00,Late Timeline,6/1/2025 0:00,202506,Normal
19-Jun-25,8,19,7,2501,18,Valid,Valid,2520,-11,6/16/2025 0:00,Late Timeline,6/1/2025 0:00,202506,Normal
22-Jun-25,7,13,5,2508,7,Valid,Valid,2521,-2,6/16/2025 0:00,Late Timeline,6/1/2025 0:00,202506,Normal
23-Jun-25,3,15,5,2495,17,Valid,Valid,2510,-12,6/23/2025 0:00,Late Timeline,6/1/2025 0:00,202506,Normal
24-Jun-25,5,20,5,2489,16,Valid,Valid,2509,-11,6/23/2025 0:00,Late Timeline,6/1/2025 0:00,202506,Normal
25-Jun-25,6,12,2,2470,24,Valid,Valid,2482,-22,6/23/2025 0:00,Late Timeline,6/1/2025 0:00,202506,Normal
26-Jun-25,3,9,7,2447,35,Valid,Valid,2456,-28,6/23/2025 0:00,Late Timeline,6/1/2025 0:00,202506,Normal
29-Jun-25,5,17,7,2413,20,Valid,Valid,2430,-13,6/23/2025 0:00,Late Timeline,6/1/2025 0:00,202506,Normal
30-Jun-25,9,22,8,2407,16,Valid,Valid,2429,-8,6/30/2025 0:00,Late Timeline,6/1/2025 0:00,202506,Normal
1-Jul-25,7,14,6,2391,22,Valid,Valid,2405,-16,6/30/2025 0:00,Late Timeline,7/1/2025 0:00,202507,Normal
2-Jul-25,8,20,9,2373,38,Valid,Valid,2393,-29,6/30/2025 0:00,Late Timeline,7/1/2025 0:00,202507,Normal
6-Jul-25,4,17,2,2332,8,Valid,Valid,2349,-6,6/30/2025 0:00,Late Timeline,7/1/2025 0:00,202507,Normal
7-Jul-25,3,18,8,2317,20,Valid,Valid,2335,-12,7/7/2025 0:00,Late Timeline,7/1/2025 0:00,202507,Normal
8-Jul-25,5,16,8,2306,20,Valid,Valid,2322,-12,7/7/2025 0:00,Late Timeline,7/1/2025 0:00,202507,Normal
9-Jul-25,2,18,0,2281,32,Valid,Valid,2299,-32,7/7/2025 0:00,Late Timeline,7/1/2025 0:00,202507,Normal
10-Jul-25,2,12,3,2252,39,Valid,Valid,2264,-36,7/7/2025 0:00,Late Timeline,7/1/2025 0:00,202507,Normal
13-Jul-25,1,13,4,2204,10,Valid,Valid,2217,-6,7/7/2025 0:00,Late Timeline,7/1/2025 0:00,202507,Normal
14-Jul-25,2,9,1,2181,26,Valid,Valid,2190,-25,7/14/2025 0:00,Late Timeline,7/1/2025 0:00,202507,Normal
15-Jul-25,0,8,5,2171,17,Valid,Valid,2179,-12,7/14/2025 0:00,Late Timeline,7/1/2025 0:00,202507,Normal
16-Jul-25,1,9,0,2164,11,Valid,Valid,2173,-11,7/14/2025 0:00,Late Timeline,7/1/2025 0:00,202507,Normal
17-Jul-25,3,16,2,2153,17,Valid,Valid,2169,-15,7/14/2025 0:00,Late Timeline,7/1/2025 0:00,202507,Normal
21-Jul-25,4,18,7,2121,16,Valid,Valid,2139,-9,7/21/2025 0:00,Late Timeline,7/1/2025 0:00,202507,Normal
22-Jul-25,5,13,3,2117,16,Valid,Valid,2130,-13,7/21/2025 0:00,Late Timeline,7/1/2025 0:00,202507,Normal
23-Jul-25,6,21,5,2111,14,Valid,Valid,2132,-9,7/21/2025 0:00,Late Timeline,7/1/2025 0:00,202507,Normal
24-Jul-25,6,18,7,2096,29,Valid,Valid,2114,-22,7/21/2025 0:00,Late Timeline,7/1/2025 0:00,202507,Normal
27-Jul-25,1,12,2,2088,4,Valid,Valid,2100,-2,7/21/2025 0:00,Late Timeline,7/1/2025 0:00,202507,Normal
28-Jul-25,2,9,3,2080,14,Valid,Valid,2089,-11,7/28/2025 0:00,Late Timeline,7/1/2025 0:00,202507,Normal
29-Jul-25,2,8,3,2072,12,Valid,Valid,2080,-9,7/28/2025 0:00,Late Timeline,7/1/2025 0:00,202507,Normal
30-Jul-25,4,15,4,2063,16,Valid,Valid,2078,-12,7/28/2025 0:00,Late Timeline,7/1/2025 0:00,202507,Normal
31-Jul-25,2,9,6,2058,15,Valid,Valid,2067,-9,7/28/2025 0:00,Late Timeline,7/1/2025 0:00,202507,Normal
3-Aug-25,5,26,3,2049,5,Valid,Valid,2075,-2,7/28/2025 0:00,Late Timeline,8/1/2025 0:00,202508,Normal
4-Aug-25,5,22,11,2040,14,Valid,Valid,2062,-3,8/4/2025 0:00,Late Timeline,8/1/2025 0:00,202508,Normal
5-Aug-25,2,21,10,2042,14,Valid,Valid,2063,-4,8/4/2025 0:00,Late Timeline,8/1/2025 0:00,202508,Normal
6-Aug-25,4,17,3,2036,13,Valid,Valid,2053,-10,8/4/2025 0:00,Late Timeline,8/1/2025 0:00,202508,Normal
7-Aug-25,4,18,6,2031,17,Valid,Valid,2049,-11,8/4/2025 0:00,Late Timeline,8/1/2025 0:00,202508,Normal
10-Aug-25,0,18,8,2006,12,Valid,Valid,2024,-4,8/4/2025 0:00,Late Timeline,8/1/2025 0:00,202508,Normal
11-Aug-25,6,23,4,1999,16,Valid,Valid,2022,-12,8/11/2025 0:00,Late Timeline,8/1/2025 0:00,202508,Normal
12-Aug-25,8,38,9,1999,9,Valid,Valid,2037,0,8/11/2025 0:00,Late Timeline,8/1/2025 0:00,202508,Normal
13-Aug-25,6,22,12,1997,17,Valid,Valid,2019,-5,8/11/2025 0:00,Late Timeline,8/1/2025 0:00,202508,Normal
14-Aug-25,3,27,4,1994,11,Valid,Valid,2021,-7,8/11/2025 0:00,Late Timeline,8/1/2025 0:00,202508,Normal
17-Aug-25,4,14,2,1991,3,Valid,Valid,2005,-1,8/11/2025 0:00,Late Timeline,8/1/2025 0:00,202508,Normal
18-Aug-25,4,20,6,1985,14,Valid,Valid,2005,-8,8/18/2025 0:00,Late Timeline,8/1/2025 0:00,202508,Normal
19-Aug-25,5,35,3,1980,11,Valid,Valid,2015,-8,8/18/2025 0:00,Late Timeline,8/1/2025 0:00,202508,Normal
20-Aug-25,10,38,10,1983,10,Valid,Valid,2021,0,8/18/2025 0:00,Late Timeline,8/1/2025 0:00,202508,Normal
21-Aug-25,6,49,8,1972,21,Valid,Valid,2021,-13,8/18/2025 0:00,Late Timeline,8/1/2025 0:00,202508,Normal
24-Aug-25,4,21,5,1981,5,Valid,Valid,2002,0,8/18/2025 0:00,Late Timeline,8/1/2025 0:00,202508,Normal
25-Aug-25,8,30,8,1980,11,Valid,Valid,2010,-3,8/25/2025 0:00,Late Timeline,8/1/2025 0:00,202508,Normal
26-Aug-25,10,21,20,1989,15,Valid,Valid,2010,5,8/25/2025 0:00,Late Timeline,8/1/2025 0:00,202508,Normal
27-Aug-25,5,19,9,1988,19,Valid,Valid,2007,-10,8/25/2025 0:00,Late Timeline,8/1/2025 0:00,202508,Normal
28-Aug-25,8,33,6,1984,17,Valid,Valid,2017,-11,8/25/2025 0:00,Late Timeline,8/1/2025 0:00,202508,Normal
1-Sep-25,10,29,17,2010,5,Valid,Valid,2039,12,9/1/2025 0:00,Late Timeline,9/1/2025 0:00,202509,Normal
2-Sep-25,6,35,9,2020,9,Valid,Valid,2055,0,9/1/2025 0:00,Late Timeline,9/1/2025 0:00,202509,Normal
3-Sep-25,4,29,11,2019,10,Valid,Valid,2048,1,9/1/2025 0:00,Late Timeline,9/1/2025 0:00,202509,Normal
4-Sep-25,11,40,2,2015,14,Valid,Valid,2055,-12,9/1/2025 0:00,Late Timeline,9/1/2025 0:00,202509,Normal
7-Sep-25,4,19,9,2026,7,Valid,Valid,2045,2,9/1/2025 0:00,Late Timeline,9/1/2025 0:00,202509,Normal
8-Sep-25,7,25,5,2025,6,Valid,Valid,2050,-1,9/8/2025 0:00,Late Timeline,9/1/2025 0:00,202509,Normal
9-Sep-25,18,42,11,2023,14,Valid,Valid,2065,-3,9/8/2025 0:00,Late Timeline,9/1/2025 0:00,202509,Normal
10-Sep-25,10,47,14,2025,18,Valid,Valid,2072,-4,9/8/2025 0:00,Late Timeline,9/1/2025 0:00,202509,Normal
11-Sep-25,12,38,29,2047,6,Valid,Valid,2085,23,9/8/2025 0:00,Late Timeline,9/1/2025 0:00,202509,Normal
14-Sep-25,7,39,13,2083,5,Valid,Valid,2122,8,9/8/2025 0:00,Late Timeline,9/1/2025 0:00,202509,Normal
15-Sep-25,9,47,10,2086,10,Valid,Valid,2133,0,9/15/2025 0:00,Late Timeline,9/1/2025 0:00,202509,Normal
16-Sep-25,7,28,17,2095,12,Valid,Valid,2123,5,9/15/2025 0:00,Late Timeline,9/1/2025 0:00,202509,Normal
17-Sep-25,7,38,5,2096,13,Valid,Valid,2134,-8,9/15/2025 0:00,Late Timeline,9/1/2025 0:00,202509,Normal
18-Sep-25,20,52,11,2096,14,Valid,Valid,2148,-3,9/15/2025 0:00,Late Timeline,9/1/2025 0:00,202509,Normal
21-Sep-25,8,35,13,2134,5,Valid,Valid,2169,8,9/15/2025 0:00,Late Timeline,9/1/2025 0:00,202509,Normal
22-Sep-25,17,40,14,2141,10,Valid,Valid,2181,4,9/22/2025 0:00,Late Timeline,9/1/2025 0:00,202509,Normal
23-Sep-25,11,36,10,2145,15,Valid,Valid,2181,-5,9/22/2025 0:00,Late Timeline,9/1/2025 0:00,202509,Normal
24-Sep-25,3,38,12,2138,17,Valid,Valid,2176,-5,9/22/2025 0:00,Late Timeline,9/1/2025 0:00,202509,Normal
25-Sep-25,6,35,12,2132,18,Valid,Valid,2167,-6,9/22/2025 0:00,Late Timeline,9/1/2025 0:00,202509,Normal
28-Sep-25,11,29,12,2146,9,Valid,Valid,2175,3,9/22/2025 0:00,Late Timeline,9/1/2025 0:00,202509,Normal
29-Sep-25,8,35,12,2148,13,Valid,Valid,2183,-1,9/29/2025 0:00,Late Timeline,9/1/2025 0:00,202509,Normal
30-Sep-25,8,32,12,2159,7,Valid,Valid,2191,5,9/29/2025 0:00,Late Timeline,9/1/2025 0:00,202509,Normal
1-Oct-25,4,33,12,2163,14,Valid,Valid,2196,-2,9/29/2025 0:00,Late Timeline,10/1/2025 0:00,202510,Normal
2-Oct-25,20,51,15,2164,16,Valid,Valid,2215,-1,9/29/2025 0:00,Late Timeline,10/1/2025 0:00,202510,Normal
5-Oct-25,8,28,13,2180,16,Valid,Valid,2208,-3,9/29/2025 0:00,Late Timeline,10/1/2025 0:00,202510,Normal
6-Oct-25,5,33,15,2187,10,Valid,Valid,2220,5,10/6/2025 0:00,Late Timeline,10/1/2025 0:00,202510,Normal
7-Oct-25,11,45,4,2189,10,Valid,Valid,2234,-6,10/6/2025 0:00,Late Timeline,10/1/2025 0:00,202510,Normal
8-Oct-25,8,49,15,2192,17,Valid,Valid,2241,-2,10/6/2025 0:00,Late Timeline,10/1/2025 0:00,202510,Normal
9-Oct-25,11,55,13,2192,12,Valid,Valid,2247,1,10/6/2025 0:00,Late Timeline,10/1/2025 0:00,202510,Normal
13-Oct-25,8,24,7,2223,6,Valid,Valid,2247,1,10/13/2025 0:00,Late Timeline,10/1/2025 0:00,202510,Normal
14-Oct-25,7,30,16,2235,8,Valid,Valid,2265,8,10/13/2025 0:00,Late Timeline,10/1/2025 0:00,202510,Normal
15-Oct-25,8,29,10,2225,15,Valid,Valid,2254,-5,10/13/2025 0:00,Late Timeline,10/1/2025 0:00,202510,Normal
16-Oct-25,9,33,15,2233,9,Valid,Valid,2266,6,10/13/2025 0:00,Late Timeline,10/1/2025 0:00,202510,Normal
19-Oct-25,9,34,17,2237,7,Valid,Valid,2271,10,10/13/2025 0:00,Late Timeline,10/1/2025 0:00,202510,Normal
20-Oct-25,10,39,6,2243,7,Valid,Valid,2282,-1,10/20/2025 0:00,Late Timeline,10/1/2025 0:00,202510,Normal
21-Oct-25,13,39,17,2251,9,Valid,Valid,2290,8,10/20/2025 0:00,Late Timeline,10/1/2025 0:00,202510,Normal
22-Oct-25,12,42,13,2261,12,Valid,Valid,2303,1,10/20/2025 0:00,Late Timeline,10/1/2025 0:00,202510,Normal
23-Oct-25,4,27,26,2266,18,Valid,Valid,2293,8,10/20/2025 0:00,Late Timeline,10/1/2025 0:00,202510,Normal
26-Oct-25,4,35,12,2276,10,Valid,Valid,2311,2,10/20/2025 0:00,Late Timeline,10/1/2025 0:00,202510,Normal
27-Oct-25,2,31,8,2282,11,Valid,Valid,2313,-3,10/27/2025 0:00,Late Timeline,10/1/2025 0:00,202510,Normal
28-Oct-25,6,22,11,2286,6,Valid,Valid,2308,5,10/27/2025 0:00,Late Timeline,10/1/2025 0:00,202510,Normal
29-Oct-25,6,25,4,2280,17,Valid,Valid,2305,-13,10/27/2025 0:00,Late Timeline,10/1/2025 0:00,202510,Normal
30-Oct-25,3,17,14,2287,12,Valid,Valid,2304,2,10/27/2025 0:00,Late Timeline,10/1/2025 0:00,202510,Normal
2-Nov-25,5,21,10,2277,7,Valid,Valid,2298,3,10/27/2025 0:00,Late Timeline,11/1/2025 0:00,202511,Normal
3-Nov-25,3,28,5,2269,12,Valid,Valid,2297,-7,11/3/2025 0:00,Late Timeline,11/1/2025 0:00,202511,Normal
4-Nov-25,6,33,6,2270,8,Valid,Valid,2303,-2,11/3/2025 0:00,Late Timeline,11/1/2025 0:00,202511,Normal
5-Nov-25,8,41,8,2272,7,Valid,Valid,2313,1,11/3/2025 0:00,Late Timeline,11/1/2025 0:00,202511,Normal
6-Nov-25,6,33,9,2264,19,Valid,Valid,2297,-10,11/3/2025 0:00,Late Timeline,11/1/2025 0:00,202511,Normal
9-Nov-25,11,33,5,2294,4,Valid,Valid,2327,1,11/3/2025 0:00,Late Timeline,11/1/2025 0:00,202511,Normal
11-Nov-25,11,39,12,2294,14,Valid,Valid,2333,-2,11/10/2025 0:00,Late Timeline,11/1/2025 0:00,202511,Normal
12-Nov-25,14,48,20,2302,7,Valid,Valid,2350,13,11/10/2025 0:00,Late Timeline,11/1/2025 0:00,202511,Normal
13-Nov-25,6,26,16,2317,5,Valid,Valid,2343,11,11/10/2025 0:00,Late Timeline,11/1/2025 0:00,202511,Normal
16-Nov-25,5,22,3,2340,5,Valid,Valid,2362,-2,11/10/2025 0:00,Late Timeline,11/1/2025 0:00,202511,Normal
17-Nov-25,1,35,6,2343,8,Valid,Valid,2378,-2,11/17/2025 0:00,Late Timeline,11/1/2025 0:00,202511,Normal
18-Nov-25,2,38,8,2345,12,Valid,Valid,2383,-4,11/17/2025 0:00,Late Timeline,11/1/2025 0:00,202511,Normal
19-Nov-25,7,32,3,2340,10,Valid,Valid,2372,-7,11/17/2025 0:00,Late Timeline,11/1/2025 0:00,202511,Normal
20-Nov-25,18,57,8,2340,9,Valid,Valid,2397,-1,11/17/2025 0:00,Late Timeline,11/1/2025 0:00,202511,Normal
23-Nov-25,3,46,22,2375,1,Valid,Valid,2421,21,11/17/2025 0:00,Late Timeline,11/1/2025 0:00,202511,Normal
24-Nov-25,9,40,9,2371,13,Valid,Valid,2411,-4,11/24/2025 0:00,Late Timeline,11/1/2025 0:00,202511,Normal
25-Nov-25,6,47,14,2375,11,Valid,Valid,2422,3,11/24/2025 0:00,Late Timeline,11/1/2025 0:00,202511,Normal
27-Nov-25,4,24,8,2389,7,Valid,Valid,2413,1,11/24/2025 0:00,Late Timeline,11/1/2025 0:00,202511,Normal
30-Nov-25,4,18,10,2415,0,Valid,Valid,2433,10,11/24/2025 0:00,Late Timeline,11/1/2025 0:00,202511,Normal
1-Dec-25,4,26,4,2410,9,Valid,Valid,2436,-5,12/1/2025 0:00,Late Timeline,12/1/2025 0:00,202512,Normal
2-Dec-25,7,34,6,2407,8,Valid,Valid,2441,-2,12/1/2025 0:00,Late Timeline,12/1/2025 0:00,202512,Normal
3-Dec-25,4,32,8,2419,7,Valid,Valid,2451,1,12/1/2025 0:00,Late Timeline,12/1/2025 0:00,202512,Normal
4-Dec-25,16,39,7,2418,13,Valid,Valid,2457,-6,12/1/2025 0:00,Late Timeline,12/1/2025 0:00,202512,Normal
7-Dec-25,4,24,13,2429,12,Valid,Valid,2453,1,12/1/2025 0:00,Late Timeline,12/1/2025 0:00,202512,Normal
8-Dec-25,9,27,9,2440,4,Valid,Valid,2467,5,12/8/2025 0:00,Late Timeline,12/1/2025 0:00,202512,Normal
9-Dec-25,4,30,7,2443,8,Valid,Valid,2473,-1,12/8/2025 0:00,Late Timeline,12/1/2025 0:00,202512,Normal
10-Dec-25,10,54,5,2439,9,Valid,Valid,2493,-4,12/8/2025 0:00,Late Timeline,12/1/2025 0:00,202512,Normal
11-Dec-25,7,47,9,2437,10,Valid,Valid,2484,-1,12/8/2025 0:00,Late Timeline,12/1/2025 0:00,202512,Normal
14-Dec-25,8,35,4,2462,8,Valid,Valid,2497,-4,12/8/2025 0:00,Late Timeline,12/1/2025 0:00,202512,Normal
15-Dec-25,11,42,9,2470,7,Valid,Valid,2512,2,12/15/2025 0:00,Late Timeline,12/1/2025 0:00,202512,Normal
16-Dec-25,8,54,15,2468,9,Valid,Valid,2522,6,12/15/2025 0:00,Late Timeline,12/1/2025 0:00,202512,Normal
17-Dec-25,7,31,11,2481,10,Valid,Valid,2512,1,12/15/2025 0:00,Late Timeline,12/1/2025 0:00,202512,Normal
18-Dec-25,11,50,6,2472,16,Valid,Valid,2522,-10,12/15/2025 0:00,Late Timeline,12/1/2025 0:00,202512,Normal
21-Dec-25,6,18,11,2484,14,Valid,Valid,2502,-3,12/15/2025 0:00,Late Timeline,12/1/2025 0:00,202512,Normal
24-Jan-23,47,42,47,7433,175,Anomaly,Valid,7475,-128,1/23/2023 0:00,Early Timeline,1/1/2023 0:00,202301,Normal
25-Jan-23,20,22,41,7538,180,Anomaly,Valid,7560,-139,1/23/2023 0:00,Early Timeline,1/1/2023 0:00,202301,Normal
2-Feb-23,15,13,23,7879,298,Anomaly,Valid,7892,-275,1/30/2023 0:00,Early Timeline,2/1/2023 0:00,202302,Normal
22-Feb-23,107,215,230,7978,232,Anomaly,Valid,8193,-2,2/20/2023 0:00,Early Timeline,2/1/2023 0:00,202302,Normal
23-Feb-23,101,162,178,7914,386,Anomaly,Valid,8076,-208,2/20/2023 0:00,Early Timeline,2/1/2023 0:00,202302,Normal
1-Mar-23,84,158,193,7930,307,Anomaly,Valid,8088,-114,2/27/2023 0:00,Early Timeline,3/1/2023 0:00,202303,Normal
3-Apr-23,118,139,168,8054,284,Anomaly,Valid,8193,-116,4/3/2023 0:00,Early Timeline,4/1/2023 0:00,202304,Normal
25-Apr-23,81,230,242,8017,202,Anomaly,Valid,8247,40,4/24/2023 0:00,Early Timeline,4/1/2023 0:00,202304,Normal
4-May-23,153,253,286,8790,332,Anomaly,Valid,9043,-46,5/1/2023 0:00,Early Timeline,5/1/2023 0:00,202305,Normal
17-May-23,57,162,193,8569,307,Anomaly,Valid,8731,-114,5/15/2023 0:00,Early Timeline,5/1/2023 0:00,202305,Normal
18-May-23,80,122,152,8474,351,Anomaly,Valid,8596,-199,5/15/2023 0:00,Early Timeline,5/1/2023 0:00,202305,Normal
23-May-23,25,66,94,7788,246,Anomaly,Valid,7854,-152,5/22/2023 0:00,Early Timeline,5/1/2023 0:00,202305,Normal
29-May-23,41,60,71,6996,207,Anomaly,Valid,7056,-136,5/29/2023 0:00,Early Timeline,5/1/2023 0:00,202305,Normal
31-May-23,38,80,82,7053,210,Anomaly,Valid,7133,-128,5/29/2023 0:00,Early Timeline,5/1/2023 0:00,202305,Normal
11-Jun-23,86,152,168,6007,238,Anomaly,Valid,6159,-70,6/5/2023 0:00,Early Timeline,6/1/2023 0:00,202306,Normal
12-Jun-23,84,118,136,6021,177,Anomaly,Valid,6139,-41,6/12/2023 0:00,Early Timeline,6/1/2023 0:00,202306,Normal
13-Jun-23,59,64,117,6061,146,Anomaly,Valid,6125,-29,6/12/2023 0:00,Early Timeline,6/1/2023 0:00,202306,Normal
15-Jun-23,91,75,97,6038,272,Anomaly,Valid,6113,-175,6/12/2023 0:00,Early Timeline,6/1/2023 0:00,202306,Normal
5-Jul-23,107,215,230,6193,167,Anomaly,Valid,6408,63,7/3/2023 0:00,Early Timeline,7/1/2023 0:00,202307,Normal
6-Jul-23,101,162,178,6239,205,Anomaly,Valid,6401,-27,7/3/2023 0:00,Early Timeline,7/1/2023 0:00,202307,Normal
12-Jul-23,84,158,193,6521,210,Anomaly,Valid,6679,-17,7/10/2023 0:00,Early Timeline,7/1/2023 0:00,202307,Normal
9-Aug-23,118,139,168,8888,251,Anomaly,Valid,9027,-83,8/7/2023 0:00,Early Timeline,8/1/2023 0:00,202308,Normal
6-Sep-23,81,230,242,10356,291,Anomaly,Valid,10586,-49,9/4/2023 0:00,Early Timeline,9/1/2023 0:00,202309,High Load
17-Sep-23,153,253,286,10799,427,Anomaly,Valid,11052,-141,9/11/2023 0:00,Early Timeline,9/1/2023 0:00,202309,High Load
28-Sep-23,57,162,193,10984,447,Anomaly,Valid,11146,-254,9/25/2023 0:00,Early Timeline,9/1/2023 0:00,202309,High Load
1-Oct-23,80,122,152,10598,493,Anomaly,Valid,10720,-341,9/25/2023 0:00,Early Timeline,10/1/2023 0:00,202310,High Load
4-Oct-23,25,66,94,10963,330,Anomaly,Valid,11029,-236,10/2/2023 0:00,Early Timeline,10/1/2023 0:00,202310,High Load
10-Oct-23,41,60,71,10910,257,Anomaly,Valid,10970,-186,10/9/2023 0:00,Early Timeline,10/1/2023 0:00,202310,High Load
12-Oct-23,38,80,82,10992,398,Anomaly,Valid,11072,-316,10/9/2023 0:00,Early Timeline,10/1/2023 0:00,202310,High Load
23-Oct-23,86,152,168,9436,327,Anomaly,Valid,9588,-159,10/23/2023 0:00,Early Timeline,10/1/2023 0:00,202310,Normal
24-Oct-23,84,118,136,9396,300,Anomaly,Valid,9514,-164,10/23/2023 0:00,Early Timeline,10/1/2023 0:00,202310,Normal
25-Oct-23,59,64,117,9351,293,Anomaly,Valid,9415,-176,10/23/2023 0:00,Early Timeline,10/1/2023 0:00,202310,Normal
29-Oct-23,91,75,97,8925,418,Anomaly,Valid,9000,-321,10/23/2023 0:00,Early Timeline,10/1/2023 0:00,202310,Normal
2-Nov-23,174,208,256,9442,330,Anomaly,Valid,9650,-74,10/30/2023 0:00,Early Timeline,11/1/2023 0:00,202311,Normal
12-Nov-23,96,160,233,9477,313,Anomaly,Valid,9637,-80,11/6/2023 0:00,Early Timeline,11/1/2023 0:00,202311,Normal
14-Nov-23,116,181,182,9665,247,Anomaly,Valid,9846,-65,11/13/2023 0:00,Early Timeline,11/1/2023 0:00,202311,Normal
15-Nov-23,150,157,201,9762,316,Anomaly,Valid,9919,-115,11/13/2023 0:00,Early Timeline,11/1/2023 0:00,202311,Normal
26-Nov-23,90,196,205,9845,312,Anomaly,Valid,10041,-107,11/20/2023 0:00,Early Timeline,11/1/2023 0:00,202311,High Load
4-Dec-23,174,208,256,10635,273,Anomaly,Valid,10843,-17,12/4/2023 0:00,Early Timeline,12/1/2023 0:00,202312,High Load
11-Dec-23,96,160,233,10998,304,Anomaly,Valid,11158,-71,12/11/2023 0:00,Early Timeline,12/1/2023 0:00,202312,High Load
13-Dec-23,116,181,182,11192,335,Anomaly,Valid,11373,-153,12/11/2023 0:00,Early Timeline,12/1/2023 0:00,202312,High Load
14-Dec-23,150,157,201,11242,396,Anomaly,Valid,11399,-195,12/11/2023 0:00,Early Timeline,12/1/2023 0:00,202312,High Load
25-Dec-23,90,196,205,11144,347,Anomaly,Valid,11340,-142,12/25/2023 0:00,Early Timeline,12/1/2023 0:00,202312,High Load
4-Jan-24,86,152,168,10558,362,Anomaly,Valid,10710,-194,1/1/2024 0:00,Middle Timeline,1/1/2024 0:00,202401,High Load
7-Jan-24,84,118,136,9670,367,Anomaly,Valid,9788,-231,1/1/2024 0:00,Middle Timeline,1/1/2024 0:00,202401,Normal
8-Jan-24,59,64,117,9670,367,Anomaly,Valid,9734,-250,1/8/2024 0:00,Middle Timeline,1/1/2024 0:00,202401,Normal
10-Jan-24,91,75,97,9144,349,Anomaly,Valid,9219,-252,1/8/2024 0:00,Middle Timeline,1/1/2024 0:00,202401,Normal
24-Jan-24,90,196,205,8212,243,Anomaly,Valid,8408,-38,1/22/2024 0:00,Middle Timeline,1/1/2024 0:00,202401,Normal
30-Jan-24,93,198,208,8182,187,Anomaly,Valid,8380,21,1/29/2024 0:00,Middle Timeline,1/1/2024 0:00,202401,Normal
12-Feb-24,213,430,440,8092,234,Anomaly,Valid,8522,206,2/12/2024 0:00,Middle Timeline,2/1/2024 0:00,202402,Normal
19-Mar-24,99,202,256,8390,197,Anomaly,Valid,8592,59,3/18/2024 0:00,Middle Timeline,3/1/2024 0:00,202403,Normal
28-Apr-24,158,349,365,7298,250,Anomaly,Valid,7647,115,4/22/2024 0:00,Middle Timeline,4/1/2024 0:00,202404,Normal
15-May-24,115,285,341,7589,265,Anomaly,Valid,7874,76,5/13/2024 0:00,Middle Timeline,5/1/2024 0:00,202405,Normal
23-May-24,193,272,314,7494,227,Anomaly,Valid,7766,87,5/20/2024 0:00,Middle Timeline,5/1/2024 0:00,202405,Normal
3-Jun-24,109,244,257,7596,224,Anomaly,Valid,7840,33,6/3/2024 0:00,Middle Timeline,6/1/2024 0:00,202406,Normal
12-Jun-24,152,266,274,7548,212,Anomaly,Valid,7814,62,6/10/2024 0:00,Middle Timeline,6/1/2024 0:00,202406,Normal
27-Jun-24,174,208,256,7248,268,Anomaly,Valid,7456,-12,6/24/2024 0:00,Middle Timeline,6/1/2024 0:00,202406,Normal
7-Jul-24,96,160,233,6599,213,Anomaly,Valid,6759,20,7/1/2024 0:00,Middle Timeline,7/1/2024 0:00,202407,Normal
9-Jul-24,116,181,182,6651,130,Anomaly,Valid,6832,52,7/8/2024 0:00,Middle Timeline,7/1/2024 0:00,202407,Normal
10-Jul-24,150,157,201,6649,177,Anomaly,Valid,6806,24,7/8/2024 0:00,Middle Timeline,7/1/2024 0:00,202407,Normal
21-Jul-24,90,196,205,6058,262,Anomaly,Valid,6254,-57,7/15/2024 0:00,Middle Timeline,7/1/2024 0:00,202407,Normal
25-Jul-24,93,198,208,5954,194,Anomaly,Valid,6152,14,7/22/2024 0:00,Middle Timeline,7/1/2024 0:00,202407,Normal
29-Jul-24,114,210,219,5819,163,Anomaly,Valid,6029,56,7/29/2024 0:00,Middle Timeline,7/1/2024 0:00,202407,Normal
30-Jul-24,125,203,208,5930,92,Anomaly,Valid,6133,116,7/29/2024 0:00,Middle Timeline,7/1/2024 0:00,202407,Normal
13-Sep-24,81,200,212,6326,279,Anomaly,Valid,6526,-67,9/9/2024 0:00,Middle Timeline,9/1/2024 0:00,202409,Normal
18-Sep-24,116,213,217,6245,149,Anomaly,Valid,6458,68,9/16/2024 0:00,Middle Timeline,9/1/2024 0:00,202409,Normal
2-Oct-24,107,215,230,6091,173,Anomaly,Valid,6306,57,9/30/2024 0:00,Middle Timeline,10/1/2024 0:00,202410,Normal
3-Oct-24,101,162,178,6118,193,Anomaly,Valid,6280,-15,9/30/2024 0:00,Middle Timeline,10/1/2024 0:00,202410,Normal
10-Oct-24,84,158,193,6075,159,Anomaly,Valid,6233,34,10/7/2024 0:00,Middle Timeline,10/1/2024 0:00,202410,Normal
11-Nov-24,118,139,168,5963,145,Anomaly,Valid,6102,23,11/11/2024 0:00,Middle Timeline,11/1/2024 0:00,202411,Normal
3-Dec-24,81,230,242,6192,107,Anomaly,Valid,6422,135,12/2/2024 0:00,Middle Timeline,12/1/2024 0:00,202412,Normal
12-Dec-24,153,253,286,6481,194,Anomaly,Valid,6734,92,12/9/2024 0:00,Middle Timeline,12/1/2024 0:00,202412,Normal
25-Dec-24,57,162,193,6689,107,Anomaly,Valid,6851,86,12/23/2024 0:00,Middle Timeline,12/1/2024 0:00,202412,Normal
26-Dec-24,80,122,152,6707,135,Anomaly,Valid,6829,17,12/23/2024 0:00,Middle Timeline,12/1/2024 0:00,202412,Normal
1-Jan-25,25,66,94,6405,144,Anomaly,Valid,6471,-50,12/30/2024 0:00,Late Timeline,1/1/2025 0:00,202501,Normal
6-Jan-25,41,60,71,5769,190,Anomaly,Valid,5829,-119,1/6/2025 0:00,Late Timeline,1/1/2025 0:00,202501,Normal
8-Jan-25,38,80,82,5605,184,Anomaly,Valid,5685,-102,1/6/2025 0:00,Late Timeline,1/1/2025 0:00,202501,Normal
19-Jan-25,86,152,168,4628,176,Anomaly,Valid,4780,-8,1/13/2025 0:00,Late Timeline,1/1/2025 0:00,202501,Normal
20-Jan-25,84,118,136,4638,127,Anomaly,Valid,4756,9,1/20/2025 0:00,Late Timeline,1/1/2025 0:00,202501,Normal
21-Jan-25,59,64,117,4728,54,Anomaly,Valid,4792,63,1/20/2025 0:00,Late Timeline,1/1/2025 0:00,202501,Normal
23-Jan-25,91,75,97,4621,174,Anomaly,Valid,4696,-77,1/20/2025 0:00,Late Timeline,1/1/2025 0:00,202501,Normal
30-Jan-25,47,42,47,3923,159,Anomaly,Valid,3965,-112,1/27/2025 0:00,Late Timeline,1/1/2025 0:00,202501,Normal
2-Feb-25,20,22,41,3483,168,Anomaly,Valid,3505,-127,1/27/2025 0:00,Late Timeline,2/1/2025 0:00,202502,Normal
9-Feb-25,15,13,23,2878,99,Anomaly,Valid,2891,-76,2/3/2025 0:00,Late Timeline,2/1/2025 0:00,202502,Normal
13-Feb-25,15,10,23,2703,72,Anomaly,Valid,2713,-49,2/10/2025 0:00,Late Timeline,2/1/2025 0:00,202502,Normal
27-Feb-25,10,15,17,2391,37,Anomaly,Valid,2406,-20,2/24/2025 0:00,Late Timeline,2/1/2025 0:00,202502,Normal
